,bts_id,lat,lon,comuna
0,CEMG1,-33.3913,-70.6222,HUECHURABA
1,AMCLF,-33.5208,-70.5438,LA FLORIDA
2,ANGG1,-33.9131,-70.7181,PAINE
3,ANPUF,-33.5752,-70.661,EL BOSQUE
4,ATYAF,-33.4124,-70.5219,LAS CONDES
5,BOMAF,-33.4945,-70.5983,MACUL
6,CARPA,-33.4424,-70.5113,LA REINA
7,CAVEF,-33.4605,-70.5843,ÑUÑOA
8,TCDEP,-33.457,-70.6098,ÑUÑOA
9,CHLC1,-33.471,-70.6448,SANTIAGO
10,CLCPH,-33.3854,-70.5295,LAS CONDES
11,CLIPA,-33.3176,-70.8591,LAMPA
12,CLLPF,-33.7919,-70.7832,BUIN
13,CSFG1,-33.459,-70.9489,CURACAVÍ
14,DGAC1,-33.4412,-70.6174,PROVIDENCIA
15,ECHC2,-33.3773,-70.7552,QUILICURA
16,EGOLF,-33.4121,-70.5936,LAS CONDES
17,EMILF,-33.4113,-70.5804,LAS CONDES
18,EPIC1,-33.4914,-70.6263,SAN JOAQUÍN
19,FAFAF,-33.4914,-70.7772,MAIPÚ
20,GAVC1,-33.5164,-70.6597,LA CISTERNA
21,HCHG1,-33.0984,-70.8899,TILTIL
22,IRQC1,-33.4767,-70.6618,PEDRO AGUIRRE CERDA
23,JAELF,-33.7336,-70.6716,BUIN
24,LACON,-33.5562,-70.5374,PUENTE ALTO
25,LAUTR,-33.3426,-70.707,QUILICURA
26,LHRG1,-33.6842,-70.7325,SAN BERNARDO
27,LOLMF,-33.4814,-70.6141,MACUL
28,LOMIR,-33.6214,-70.7061,SAN BERNARDO
29,LOTSF,-33.467,-70.5583,PEÑALOLÉN
30,LPZC1,-33.474000000000004,-70.5857,MACUL
31,BARRI,-33.5093,-70.9101,PADRE HURTADO
32,LONQ1,-33.6632,-70.8053,CALERA DE TANGO
33,ANORO,-33.3489,-70.6251,HUECHURABA
34,SARIP,-33.6569,-70.5317,PIRQUE
35,LTOC1,-33.4655,-70.7222,ESTACIÓN CENTRAL
36,MAGLF,-33.5877,-70.6189,LA PINTANA
37,MALOF,-33.7311,-70.7732,BUIN
38,MLLOF,-33.6075,-70.8595,PEÑAFLOR
39,MLQNF,-33.7123,-70.8527,TALAGANTE
40,MRPG1,-33.5189,-71.1108,MARÍA PINTO
41,MTTC1,-33.4619,-70.6361,SANTIAGO
42,NOGLF,-33.4267,-70.6044,PROVIDENCIA
43,PAORL,-33.4738,-70.7363,MAIPÚ
44,PCNTF,-33.3927,-70.5974,VITACURA
45,PLAGF,-33.4643,-70.6527,SANTIAGO
46,PLANU,-33.4541,-70.5956,ÑUÑOA
47,PNONO,-33.4324,-70.637,RECOLETA
48,POCUF,-33.431999999999995,-70.5842,LA REINA
49,PPALF,-33.7153,-70.5663,PIRQUE
50,PRALF,-33.4545,-70.7103,LO PRADO
51,RATEF,-33.4171,-70.5544,LAS CONDES
52,REALF,-33.4324,-70.527,LA REINA
53,ROSAR,-33.4069,-70.5713,LAS CONDES
54,RSENF,-33.4166,-70.53399999999999,LAS CONDES
55,RUMOP,-33.6915,-71.0767,EL MONTE
56,SANAR,-33.6393,-70.8724,TALAGANTE
57,SEUGF,-33.4631,-70.6206,ÑUÑOA
58,SFLC1,-33.3739,-70.517,LAS CONDES
59,SGBF2,-33.7636,-70.2898,SAN JOSÉ DE MAIPO
60,SIHUF,-33.4377,-70.6111,PROVIDENCIA
61,SLVF2,-33.4399,-70.6244,PROVIDENCIA
62,SMONI,-33.5338,-70.9268,CURACAVÍ
63,SNLC1,-33.4048,-70.5869,LAS CONDES
64,SRCC1,-33.415,-70.6082,PROVIDENCIA
65,SUEG1,-33.4323,-70.6043,PROVIDENCIA
66,TPESO,-33.5311,-70.6868,LO ESPEJO
67,TPOST,-33.4449,-70.6364,SANTIAGO
68,UANDF,-33.4065,-70.5073,LAS CONDES
69,USTOF,-33.4498,-70.6607,SANTIAGO
70,VALOC,-33.3825,-70.7296,QUILICURA
71,VEVES,-33.5215,-70.7067,CERRILLOS
72,VLGC2,-33.3872,-70.6945,RENCA
73,VPFON,-33.3724,-70.6713,CONCHALÍ
74,AVCC1,-33.5608,-70.5838,LA FLORIDA
75,BERNA,-33.519,-70.6688,LA CISTERNA
76,SAJOS,-33.3688,-70.5052,LO BARNECHEA
77,CNAVF,-33.4055,-70.7192,RENCA
78,LCPHU,-33.3972,-70.5499,LAS CONDES
79,ALVES,-33.4188,-70.5819,LAS CONDES
80,ATRQF,-33.3554,-70.5338,LO BARNECHEA
81,JPHF3,-33.4284,-70.5416,LAS CONDES
82,SACNF,-33.443000000000005,-70.6496,SANTIAGO
83,RICUR,-33.412,-70.602,LAS CONDES
84,SOSAN,-33.4242,-70.6149,PROVIDENCIA
85,LHTT2,-33.3997,-70.5777,VITACURA
86,LBARF,-33.3543,-70.5093,LO BARNECHEA
87,LPSC1,-33.3851,-70.57,VITACURA
88,CLNC1,-33.4238,-70.5783,LAS CONDES
89,EDNER,-33.4044,-70.5722,LAS CONDES
90,SPOLV,-33.4049,-70.567,LAS CONDES
91,CLOTF,-33.424,-70.6075,PROVIDENCIA
92,AMUF2,-33.4391,-70.6564,SANTIAGO
93,ENMF2,-33.4185,-70.601,PROVIDENCIA
94,PASTF,-33.4151,-70.5936,LAS CONDES
95,PBUSF,-33.441,-70.6313,PROVIDENCIA
96,PMRC1,-33.4263,-70.6158,PROVIDENCIA
97,MAPUC,-33.5119,-70.7625,MAIPÚ
98,PASEO,-33.4146,-70.5833,LAS CONDES
99,LEONF,-33.4197,-70.6063,PROVIDENCIA
100,AHUC1,-33.4414,-70.65100000000001,SANTIAGO
101,CSTAM,-33.4328,-70.6285,PROVIDENCIA
102,HONOI,-33.4014,-70.5988,VITACURA
103,ECROF,-33.3844,-70.5534,VITACURA
104,COSN2,-33.4337,-70.645,SANTIAGO
105,MPALA,-33.4519,-70.6785,ESTACIÓN CENTRAL
106,CINC1,-33.5101,-70.7517,MAIPÚ
107,ANVC2,-33.4316,-70.6174,PROVIDENCIA
108,TARGA,-33.5364,-70.6085,LA FLORIDA
109,ACHC1,-33.5063,-70.7645,MAIPÚ
110,BARAF,-33.6114,-70.7054,SAN BERNARDO
111,ROSAL,-33.4804,-70.7653,MAIPÚ
112,MPEC2,-33.4774,-70.5422,PEÑALOLÉN
113,CNCOS,-33.4131,-70.7596,CERRO NAVIA
114,CIENF,-33.4422,-70.6625,SANTIAGO
115,DIPAF,-33.4424,-70.6408,SANTIAGO
116,MCAR1,-33.4534,-70.6348,SANTIAGO
117,REFUF,-33.4278,-70.7706,PUDAHUEL
118,CNTC1,-33.4515,-70.6854,ESTACIÓN CENTRAL
119,GRCC1,-33.4574,-70.6258,ÑUÑOA
120,INTER,-33.4896,-70.7505,MAIPÚ
121,JPAG1,-33.4876,-70.602,MACUL
122,LHUEF,-33.5913,-70.6633,LA PINTANA
123,LRJG1,-33.4558,-70.69800000000001,ESTACIÓN CENTRAL
124,MALLS,-33.61,-70.87,PEÑAFLOR
125,MANPA,-33.4294,-70.6454,RECOLETA
126,MELSF,-33.6818,-71.202,MELIPILLA
127,MENPF,-33.6837,-71.2256,MELIPILLA
128,MHUIF,-33.4428,-70.5257,LA REINA
129,MRCHN,-33.4525,-70.6087,ÑUÑOA
130,NEPTF,-33.4443,-70.7295,LO PRADO
131,NTSUF,-33.4318,-70.6603,SANTIAGO
132,NVMXF,-33.5926,-70.5594,PUENTE ALTO
133,PGALF,-33.4383,-70.5574,LA REINA
134,PJRC1,-33.4803,-70.7506,MAIPÚ
135,PPCCF,-33.3895,-70.615,HUECHURABA
136,PPONF,-33.6211,-70.5836,PUENTE ALTO
137,QVBMF,-33.5567,-70.616,LA PINTANA
138,RDIAF,-33.4533,-70.6151,ÑUÑOA
139,RMAPF,-33.5052,-70.7872,MAIPÚ
140,SACAM,-33.6001,-70.6826,SAN BERNARDO
141,SBNC1,-33.5917,-70.7061,SAN BERNARDO
142,VDJUL,-33.4517,-70.6313,SANTIAGO
143,MAOUT,-33.4626,-70.6613,SANTIAGO
144,HDIRE,-33.4211,-70.7592,CERRO NAVIA
145,RUT57,-33.272,-70.7014,COLINA
146,POESF,-33.5179,-70.7165,CERRILLOS
147,SALAL,-33.3804,-70.6224,HUECHURABA
148,TISNF,-33.5002,-70.5789,PEÑALOLÉN
149,IVAVE,-33.436,-70.6436,SANTIAGO
150,ESTAD,-33.4371,-70.6396,SANTIAGO
151,JBARF,-33.4371,-70.6448,SANTIAGO
152,MAVIM,-33.4451,-70.6332,SANTIAGO
153,ALBER,-33.4354,-70.6337,PROVIDENCIA
154,CRYC1,-33.4313,-70.5708,LA REINA
155,CORFO,-33.3767,-70.5246,LAS CONDES
156,DCOCF,-33.4468,-70.6584,SANTIAGO
157,PORTF,-33.4559,-70.6336,SANTIAGO
158,SMGG1,-33.4862,-70.6563,SAN MIGUEL
159,EMONF,-33.364000000000004,-70.5421,LO BARNECHEA
160,HOLC2,-33.4202,-70.6098,PROVIDENCIA
161,IANOS,-33.4931,-70.6512,SAN MIGUEL
162,LUCC1,-33.4765,-70.6217,MACUL
163,ABARF,-33.4377,-70.6605,SANTIAGO
164,CATC2,-33.4071,-70.681,RENCA
165,LAMEF,-33.3569,-70.7274,QUILICURA
166,MVLTR,-33.3573,-70.541,LO BARNECHEA
167,STRAN,-33.4906,-70.738,MAIPÚ
168,GRABF,-33.4835,-70.5289,PEÑALOLÉN
169,LESPF,-33.4764,-70.5983,MACUL
170,TEJED,-33.4541,-70.5406,LA REINA
171,MQHF2,-33.398,-70.5727,VITACURA
172,SANNU,-33.4998,-70.6535,SAN MIGUEL
173,VBUSF,-33.5072,-70.6452,SAN MIGUEL
174,ABMOF,-33.4556,-70.6727,SANTIAGO
175,ERRER,-33.4447,-70.6024,PROVIDENCIA
176,MFAR3,-33.4034,-70.5584,LAS CONDES
177,MRINF,-33.4468,-70.6397,SANTIAGO
178,CEMOR,-33.44,-70.6534,SANTIAGO
179,PBRAS,-33.4398,-70.6646,SANTIAGO
180,REYES,-33.4426,-70.6717,SANTIAGO
181,HOYTF,-33.4405,-70.6482,SANTIAGO
182,FUTFF,-33.4063,-70.7357,RENCA
183,NOSC2,-33.642,-70.7112,SAN BERNARDO
184,NUBLF,-33.4654,-70.6258,ÑUÑOA
185,NVSMT,-33.4406,-70.6586,SANTIAGO
186,OBIF2,-33.4033,-70.5957,VITACURA
187,OBRAF,-33.5911,-70.4961,SAN JOSÉ DE MAIPO
188,PALIC,-33.5183,-70.5686,LA FLORIDA
189,MOBF2,-33.4421,-70.652,SANTIAGO
190,SDGG1,-33.4548,-70.6497,SANTIAGO
191,SPAAM,-33.4347,-70.6569,SANTIAGO
192,TABC1,-33.3837,-70.5332,LAS CONDES
193,EGAC1,-33.4611,-70.5715,PEÑALOLÉN
194,PCENT,-33.5668,-70.7883,PADRE HURTADO
195,JDCEF,-33.4584,-70.5997,ÑUÑOA
196,BEAUF,-33.4708,-70.6646,SANTIAGO
197,EULSA,-33.4406,-70.6353,SANTIAGO
198,PHSUF,-33.5773,-70.8237,PADRE HURTADO
199,CAFAF,-33.5198,-70.7412,MAIPÚ
200,PLMOF,-33.6488,-70.6675,SAN BERNARDO
201,MORRF,-33.5896,-70.6802,SAN BERNARDO
202,JORBE,-33.4561,-70.5821,ÑUÑOA
203,CSTG1,-33.54,-70.6657,LA CISTERNA
204,GOYEN,-33.4236,-70.5958,PROVIDENCIA
205,ABZC2,-33.544000000000004,-70.7779,MAIPÚ
206,ASURA,-33.525,-70.7721,MAIPÚ
207,PQDEF,-33.5683,-70.553,PUENTE ALTO
208,PQSAF,-33.6477,-70.6032,PIRQUE
209,POMAC,-33.6518,-71.1532,MELIPILLA
210,JJPG1,-33.4319,-70.7417,PUDAHUEL
211,TPLG1,-33.5258,-70.7614,MAIPÚ
212,BRSC1,-33.434,-70.6773,SANTIAGO
213,SIBC1,-33.4483,-70.6338,SANTIAGO
214,ARRIF,-33.4629,-70.5509,PEÑALOLÉN
215,COPER,-33.5531,-70.5625,PUENTE ALTO
216,DHCPF,-33.3415,-70.4993,LO BARNECHEA
217,MAZUF,-33.5102,-70.5955,LA FLORIDA
218,OCMAM,-33.4407,-70.615,PROVIDENCIA
219,CARCA,-33.4201,-70.7095,QUINTA NORMAL
220,COLIN,-33.1976,-70.6762,COLINA
221,CARCU,-33.446,-70.6428,SANTIAGO
222,ESCBE,-33.3883,-70.5955,VITACURA
223,LASPU,-33.4661,-70.5991,ÑUÑOA
224,LCASF,-33.4002,-70.5918,VITACURA
225,CAPG1,-33.4104,-70.5715,LAS CONDES
226,EMONU,-33.507,-70.605,MACUL
227,CURZF,-33.4419,-70.53399999999999,LA REINA
228,CSPG1,-33.3831,-70.586,VITACURA
229,CMELF,-33.5377,-70.7696,MAIPÚ
230,COBRE,-33.3864,-70.5674,VITACURA
231,LCFLO,-33.3717,-70.5117,LAS CONDES
232,CSANF,-33.5632,-70.6031,LA FLORIDA
233,AANAU,-33.5782,-70.7742,CALERA DE TANGO
234,ALVIF,-33.5341,-70.6561,LA CISTERNA
235,CREJF,-33.4583,-70.7068,ESTACIÓN CENTRAL
236,CCVC2,-33.3967,-71.1421,CURACAVÍ
237,AGRC1,-33.4336,-70.8353,PUDAHUEL
238,DPTC2,-33.5022,-70.665,SAN MIGUEL
239,ELALF,-33.4024,-70.5155,LAS CONDES
240,EFEC1,-33.5153,-70.687,LO ESPEJO
241,ISLRT,-33.6985,-70.8916,TALAGANTE
242,OLPOF,-33.5118,-70.7771,MAIPÚ
243,GIMNF,-33.5028,-70.7425,MAIPÚ
244,ISLOC,-33.7378,-70.8636,ISLA DE MAIPO
245,ACYF2,-33.2462,-70.6986,COLINA
246,ESDEC,-33.3868,-70.6665,CONCHALÍ
247,DHSG1,-33.3691,-70.5318,LO BARNECHEA
248,ACUF2,-33.8801,-70.8895,PAINE
249,EMULC,-33.4105,-70.536,LAS CONDES
250,MLGAF,-33.4156,-70.5834,LAS CONDES
251,SBARF,-33.4617,-70.6458,SANTIAGO
252,CRISF,-33.4248,-70.5951,PROVIDENCIA
253,MAGAF,-33.5484,-70.5771,LA FLORIDA
254,4CENF,-33.4151,-70.562,LAS CONDES
255,QIMF2,-33.3603,-70.497,LO BARNECHEA
256,RAMOT,-33.3916,-70.6516,RECOLETA
257,PSNC2,-33.3346,-70.7198,QUILICURA
258,PATC1,-33.4287,-70.6428,RECOLETA
259,SULCI,-33.5401,-70.666,LA CISTERNA
260,PPLG1,-33.4438,-70.658,SANTIAGO
261,RPBF2,-33.4512,-70.666,SANTIAGO
262,JP2EF,-33.2759,-70.6169,COLINA
263,SLCG1,-33.4394,-70.6471,SANTIAGO
264,ALLOF,-33.5148,-70.7673,MAIPÚ
265,SMARF,-33.2775,-70.5438,LO BARNECHEA
266,SVYC2,-33.4951,-70.609,MACUL
267,TEAC1,-33.441,-70.6546,SANTIAGO
268,UAIBF,-33.4804,-70.5164,PEÑALOLÉN
269,CIRCO,-33.2744,-70.7468,LAMPA
270,CLORF,-33.4518,-70.558,LA REINA
271,MELI4,-33.6933,-71.2078,MELIPILLA
272,CCA5A,-33.418,-70.6059,PROVIDENCIA
273,ESTEF,-33.3548,-70.7059,QUILICURA
274,DBZAF,-33.4285,-70.6494,RECOLETA
275,LTDAF,-33.4303,-70.5553,LAS CONDES
276,CCA1C,-33.418,-70.6059,PROVIDENCIA
277,ECAC2,-33.5247,-70.7877,MAIPÚ
278,CCY1C,-33.418,-70.6059,PROVIDENCIA
279,ASBXF,-33.4653,-70.6875,ESTACIÓN CENTRAL
280,SOTC1,-33.5832,-70.5946,PUENTE ALTO
281,UTORF,-33.4694,-70.7288,ESTACIÓN CENTRAL
282,PRATF,-33.4445,-70.6519,SANTIAGO
283,MRNC1,-33.4917,-70.672,PEDRO AGUIRRE CERDA
284,CVECM,-33.5391,-70.7905,MAIPÚ
285,PEPOO,-33.5956,-70.8455,PEÑAFLOR
286,SATG1,-33.558,-70.7903,MAIPÚ
287,FLRC1,-33.5057,-70.6019,MACUL
288,NCOOF,-33.5855,-70.574,PUENTE ALTO
289,DHRLF,-33.3625,-70.5149,LO BARNECHEA
290,GAMBF,-33.4006,-70.5537,LAS CONDES
291,MCPPF,-33.4257,-70.6142,PROVIDENCIA
292,QUILE,-33.3298,-70.7053,QUILICURA
293,MNDC3,-33.4431,-70.6537,SANTIAGO
294,JUMPE,-33.4884,-70.55,PEÑALOLÉN
295,LPAJA,-33.4715,-70.542,PEÑALOLÉN
296,LQUIL,-33.5675,-70.5862,LA FLORIDA
297,CTORF,-33.5977,-70.6034,PUENTE ALTO
298,SEMC2,-33.4462,-70.626,PROVIDENCIA
299,ALDEF,-33.5331,-70.6353,SAN RAMÓN
300,CSNOF,-33.4488,-70.6684,SANTIAGO
301,FERRF,-33.4446,-70.6804,ESTACIÓN CENTRAL
302,PRUTF,-33.6083,-70.8791,PEÑAFLOR
303,ACY7A,-33.3904,-70.5474,LAS CONDES
304,CCARO,-33.3732,-70.6831,CONCHALÍ
305,PAA3E,-33.4024,-70.579,LAS CONDES
306,MMORT,-33.6925,-71.2159,MELIPILLA
307,PAA1F,-33.4024,-70.579,LAS CONDES
308,CONDF,-33.4484,-70.6456,SANTIAGO
309,PAY5A,-33.4024,-70.579,LAS CONDES
310,JMCAR,-33.5542,-70.5967,LA FLORIDA
311,ASCLF,-33.3962,-70.7934,PUDAHUEL
312,ACTRF,-33.4187,-70.5885,LAS CONDES
313,ARZTF,-33.525,-70.6749,LA CISTERNA
314,MEUCA,-33.4399,-70.6398,SANTIAGO
315,MELEO,-33.4224,-70.6094,PROVIDENCIA
316,5DFF2,-33.4149,-70.7187,CERRO NAVIA
317,VIVC1,-33.4164,-70.6663,INDEPENDENCIA
318,BULC1,-33.4489,-70.6524,SANTIAGO
319,CBOLL,-33.5769,-71.2139,MELIPILLA
320,CMARF,-33.6062,-70.6412,LA PINTANA
321,ALBC2,-33.3904,-70.5156,LAS CONDES
322,ELPC2,-33.5745,-70.5578,PUENTE ALTO
323,CSJNF,-33.5037,-70.627,SAN JOAQUÍN
324,JOTAF,-33.456,-70.6872,ESTACIÓN CENTRAL
325,ANTUF,-33.4283,-70.6129,PROVIDENCIA
326,CAPIT,-33.4526,-70.6011,ÑUÑOA
327,CARME,-33.4511,-70.6366,SANTIAGO
328,CLRYF,-33.2492,-70.7496,COLINA
329,HUBET,-33.3526,-70.692,HUECHURABA
330,PERUR,-33.6265,-70.8907,PEÑAFLOR
331,LMPF2,-33.2819,-70.8905,LAMPA
332,GOBSF,-33.5491,-70.6779,EL BOSQUE
333,ELPZF,-33.4191,-70.5722,LAS CONDES
334,LAFAU,-33.4905,-70.7719,MAIPÚ
335,ESBC2,-33.5948,-70.6972,SAN BERNARDO
336,LYDAF,-33.6425,-71.3496,MELIPILLA
337,ERQMA,-33.6119,-70.6979,SAN BERNARDO
338,EHURU,-33.5552,-70.8625,PADRE HURTADO
339,RENK3,-33.3922,-70.75,RENCA
340,INZON,-33.4189,-70.5673,LAS CONDES
341,ISLMF,-33.7562,-70.8981,ISLA DE MAIPO
342,JAGUF,-33.3785,-70.6754,CONCHALÍ
343,UCXC1,-33.5003,-70.6432,SAN MIGUEL
344,SAVIP,-33.672,-70.6226,PIRQUE
345,TROVA,-33.4423,-70.7633,PUDAHUEL
346,CSMBE,-33.4324,-70.6294,PROVIDENCIA
347,MAPQF,-33.415,-70.5891,LAS CONDES
348,PRODA,-33.4328,-70.6251,PROVIDENCIA
349,ESANF,-33.4576,-70.543,LA REINA
350,LPEBF,-33.4935,-70.5498,PEÑALOLÉN
351,SAPLO,-33.4442,-70.7209,LO PRADO
352,MAVME,-33.6848,-71.2135,MELIPILLA
353,WMAF2,-33.5215,-70.5559,LA FLORIDA
354,MUPEC,-33.4024,-70.6199,RECOLETA
355,MRACF,-33.4038,-70.5795,LAS CONDES
356,VCLOF,-33.8402,-70.8038,PAINE
357,RENC1,-33.4037,-70.6995,RENCA
358,HARRI,-33.4051,-70.54,LAS CONDES
359,PACG1,-33.4756,-70.6899,ESTACIÓN CENTRAL
360,LARAL,-33.2927,-70.8821,LAMPA
361,HTALF,-33.8678,-70.7476,PAINE
362,PRDC1,-33.4221,-70.6023,PROVIDENCIA
363,PRMMF,-33.4288,-70.6203,PROVIDENCIA
364,SGUTF,-33.4179,-70.7371,CERRO NAVIA
365,SAMLF,-33.541,-70.563,LA FLORIDA
366,TMZC2,-33.4599,-70.6909,ESTACIÓN CENTRAL
367,SPFRF,-33.3806,-70.5679,VITACURA
368,AMA1A,-33.4825,-70.751,MAIPÚ
369,AMA1C,-33.4825,-70.751,MAIPÚ
370,VTCNF,-33.4242,-70.5836,LAS CONDES
371,AMA1E,-33.4825,-70.751,MAIPÚ
372,YNGC2,-33.4278,-70.7047,QUINTA NORMAL
373,FBATF,-32.9952,-70.6921,COLINA
374,HQUEF,-33.8105,-70.6366,PAINE
375,LANCO,-33.5762,-70.6915,EL BOSQUE
376,MEXPF,-33.4517,-70.6781,ESTACIÓN CENTRAL
377,ATBLA,-33.4552,-70.5482,LA REINA
378,LOCLB,-33.497,-70.6824,PEDRO AGUIRRE CERDA
379,VIAJA,-33.4499,-70.7713,PUDAHUEL
380,GLETF,-33.4771,-70.6752,SANTIAGO
381,HIMA2,-33.731,-70.9097,ISLA DE MAIPO
382,AFRRF,-33.4394,-70.7068,QUINTA NORMAL
383,PINC1,-33.5832,-70.6318,LA PINTANA
384,HMER2,-33.5096,-70.6811,LO ESPEJO
385,PLNAF,-33.4936,-70.5426,PEÑALOLÉN
386,PBICF,-33.5069,-70.692,LO ESPEJO
387,VMACO,-33.187,-70.655,COLINA
388,POA3C,-33.5174,-70.7174,CERRILLOS
389,BELGI,-33.414,-70.6555,INDEPENDENCIA
390,POA2A,-33.5174,-70.7174,CERRILLOS
391,POA2E,-33.5174,-70.7174,CERRILLOS
392,SLRC1,-33.278,-70.7739,LAMPA
393,LLALM,-33.4408,-70.5995,PROVIDENCIA
394,FELHU,-33.3903,-70.5603,VITACURA
395,PHURT,-33.5808,-70.8103,PADRE HURTADO
396,VIEJA,-33.6099,-70.5266,PUENTE ALTO
397,QQB1E,-33.4881,-70.5776,PEÑALOLÉN
398,ASRRF,-33.4052,-70.711,RENCA
399,BRJAF,-33.4606,-70.6829,ESTACIÓN CENTRAL
400,CERXB,-33.4927,-70.7063,CERRILLOS
401,HAPO1,-33.4187,-70.545,LAS CONDES
402,MELI2,-33.6775,-71.2297,MELIPILLA
403,PSJOA,-33.5949,-70.6731,SAN BERNARDO
404,LPAEP,-33.6193,-70.6319,LA PINTANA
405,SBELL,-33.4668,-70.6361,SANTIAGO
406,HAPO2,-33.4208,-70.5445,LAS CONDES
407,FEGRE,-33.4675,-70.5473,PEÑALOLÉN
408,CODOC,-33.361,-70.5065,LO BARNECHEA
409,VESMI,-33.3972,-70.7692,RENCA
410,HAPO6,-33.4119,-70.5301,LAS CONDES
411,HBCF3,-33.4883,-70.6836,PEDRO AGUIRRE CERDA
412,HSFC6,-33.4068,-70.5181,LAS CONDES
413,ESPAJ,-33.4565,-70.6664,SANTIAGO
414,GUANO,-33.1562,-70.8017,TILTIL
415,HDIR1,-33.4209,-70.7589,CERRO NAVIA
416,ALTJA,-33.733000000000004,-70.7244,BUIN
417,RUTAI,-33.738,-70.9335,ISLA DE MAIPO
418,ACUDF,-33.8577,-70.9342,PAINE
419,ECHEP,-33.3823,-70.7746,PUDAHUEL
420,SCDLV,-33.4593,-70.8426,PUDAHUEL
421,BHPCP,-33.4038,-70.5702,LAS CONDES
422,LAMP2,-33.2815,-70.8757,LAMPA
423,HSFC7,-33.4179,-70.5092,LAS CONDES
424,MTNC3,-33.7146,-70.3409,SAN JOSÉ DE MAIPO
425,CONOC,-33.1848,-70.6782,COLINA
426,PENOR,-33.5985,-70.8845,PEÑAFLOR
427,TADOU,-33.5575,-70.8211,PADRE HURTADO
428,RQLC2,-33.4902,-70.5775,PEÑALOLÉN
429,JPHF1,-33.4284,-70.5416,LAS CONDES
430,MPDO1,-33.4155,-70.5407,LAS CONDES
431,MONTE,-32.9828,-70.8585,TILTIL
432,L6NT1,-33.4845,-70.6944,CERRILLOS
433,CEPAR,-33.4022,-70.579,LAS CONDES
434,BEHUA,-33.4398,-70.6534,SANTIAGO
435,LOCER,-33.5068,-70.5792,PEÑALOLÉN
436,MIGOM,-33.5594,-70.7679,MAIPÚ
437,MECUA,-33.4559,-70.7014,ESTACIÓN CENTRAL
438,L1022,-33.4482,-70.6691,SANTIAGO
439,L1027,-33.4512,-70.6786,ESTACIÓN CENTRAL
440,L1014,-33.4091,-70.5679,LAS CONDES
441,SAVLE,-33.3258,-70.5439,LO BARNECHEA
442,HLAM1,-33.3186,-70.7329,LAMPA
443,MALAR,-33.5938,-70.6016,PUENTE ALTO
444,BRAVO,-33.4337,-70.6741,SANTIAGO
445,APERR,-33.4151,-70.6393,RECOLETA
446,PRESS,-33.5347,-70.6708,LA CISTERNA
447,SAPAM,-33.4346,-70.6672,SANTIAGO
448,ALHUE,-34.0268,-71.1017,ALHUÉ
449,PCOUF,-33.4992,-70.5692,PEÑALOLÉN
450,PNRF2,-33.4233,-70.6099,PROVIDENCIA
451,GUAKA,-33.3789,-70.6585,CONCHALÍ
452,ALEJS,-33.4726,-70.5635,PEÑALOLÉN
453,AYRCH,-33.2017,-70.6548,COLINA
454,LPRFE,-33.2806,-70.6353,COLINA
455,ERHB1,-33.4872,-70.7258,CERRILLOS
456,BOLIT,-33.4473,-70.5639,LA REINA
457,CARRF,-33.4195,-70.6626,INDEPENDENCIA
458,FISAB,-33.5355,-70.7447,MAIPÚ
459,MVICF,-33.4603,-70.6293,SANTIAGO
460,RGRCF,-33.4709,-70.5782,MACUL
461,VESCF,-33.3379,-70.4925,LO BARNECHEA
462,L3VF1,-33.4555,-70.5975,ÑUÑOA
463,L3HO1,-33.4516,-70.6502,SANTIAGO
464,L3VI1,-33.3974,-70.6695,CONCHALÍ
465,TLUCO,-33.482,-70.6498,SAN MIGUEL
466,TSTGB,-33.4542,-70.6886,ESTACIÓN CENTRAL
467,MERCD,-33.4381,-70.6458,SANTIAGO
468,CLIBI,-33.4569,-70.7012,ESTACIÓN CENTRAL
469,HIPCL,-33.4049,-70.6684,INDEPENDENCIA
470,ESPEF,-33.3683,-70.6623,HUECHURABA
471,HURFF,-33.4395,-70.6512,SANTIAGO
472,IRZG1,-33.4556,-70.5931,ÑUÑOA
473,ISIC1,-33.414,-70.6003,LAS CONDES
474,PZCHF,-33.4081,-70.6595,INDEPENDENCIA
475,JCASF,-33.4241,-70.6908,QUINTA NORMAL
476,EYRRE,-33.6094,-70.5543,PUENTE ALTO
477,JUDF2,-33.5107,-70.6083,LA FLORIDA
478,L4RMF,-33.5361,-70.5928,LA FLORIDA
479,LALG1,-33.3711,-70.4814,LAS CONDES
480,LARAN,-33.8905,-71.4214,SAN PEDRO
481,LARIN,-33.5156,-70.8266,MAIPÚ
482,LAVIF,-33.5251,-70.6271,LA GRANJA
483,LAZIF,-33.4534,-70.7913,PUDAHUEL
484,LBANF,-33.5521,-70.6503,SAN RAMÓN
485,LBLG1,-33.6257,-70.6758,SAN BERNARDO
486,APARF,-33.4906,-70.7249,CERRILLOS
487,CONCH,-33.3826,-70.6871,CONCHALÍ
488,CRENF,-33.4125,-70.6874,RENCA
489,DGARF,-33.5652,-70.6726,EL BOSQUE
490,SENDF,-33.5482,-70.6294,LA GRANJA
491,TALAU,-33.6907,-70.953,TALAGANTE
492,TGCC1,-33.6641,-70.926,TALAGANTE
493,GUANF,-33.3757,-70.6636,CONCHALÍ
494,PDCOF,-33.3704,-70.6902,CONCHALÍ
495,LDALF,-33.4338,-70.5972,PROVIDENCIA
496,DILAC,-33.4774,-70.5252,PEÑALOLÉN
497,LFLAF,-33.3429,-70.5451,LO BARNECHEA
498,LIRF2,-33.4541,-70.6415,SANTIAGO
499,LOHER,-33.5977,-70.7712,CALERA DE TANGO
500,LPUAF,-33.5999,-70.5749,PUENTE ALTO
501,LUISG,-33.4966,-70.7512,MAIPÚ
502,MACOF,-33.3576,-70.7403,QUILICURA
503,MONPL,-33.4443,-70.6546,SANTIAGO
504,CERVF,-33.4353,-70.65,SANTIAGO
505,PAIG1,-33.811,-70.7426,PAINE
506,LIROF,-33.7787,-70.6961,BUIN
507,CVALL,-33.4493,-70.8575,PUDAHUEL
508,ABELF,-33.424,-70.6182,PROVIDENCIA
509,ACACF,-33.5266,-70.5915,LA FLORIDA
510,ALBAC,-33.3071,-70.6723,COLINA
511,ALOC1,-33.4188,-70.5641,LAS CONDES
512,BALG1,-33.6072,-70.5455,PUENTE ALTO
513,BMUCF,-33.4325,-70.6687,SANTIAGO
514,BOTC2,-33.5076,-70.5682,PEÑALOLÉN
515,CCASN,-33.4921,-70.6174,MACUL
516,CCHC1,-33.3928,-70.6728,CONCHALÍ
517,CESCR,-33.4335,-70.653,SANTIAGO
518,CNSC1,-33.522,-70.5802,LA FLORIDA
519,CONSF,-33.4678,-70.5398,PEÑALOLÉN
520,CVTRF,-33.4414,-70.5853,ÑUÑOA
521,DSCG1,-33.4629,-70.7649,MAIPÚ
522,EASYQ,-33.4779,-70.579,MACUL
523,EDSOF,-33.4702,-70.7489,MAIPÚ
524,ENEBR,-33.5944,-70.5839,PUENTE ALTO
525,EOLIF,-33.3983,-70.6865,RENCA
526,EPOC2,-33.3967,-70.5879,VITACURA
527,ERRAF,-33.4977,-70.7223,CERRILLOS
528,ESRCF,-33.4094,-70.604,LAS CONDES
529,FRATO,-33.4365,-70.7278,CERRO NAVIA
530,GALAF,-33.4482,-70.693,ESTACIÓN CENTRAL
531,GMIC1,-33.5587,-70.565,LA FLORIDA
532,ELOJE,-33.4258,-70.5997,PROVIDENCIA
533,FOTF2,-33.426,-70.6123,PROVIDENCIA
534,PLABA,-33.5412,-70.6434,SAN RAMÓN
535,VOLAR,-33.3657,-70.7385,QUILICURA
536,MOCF2,-33.4375,-70.6541,SANTIAGO
537,PRIMA,-33.6016,-70.6233,LA PINTANA
538,PUAC1,-33.6063,-70.577,PUENTE ALTO
539,RAMC1,-33.5544,-70.6325,SAN RAMÓN
540,RECC1,-33.4061,-70.6442,RECOLETA
541,REIG1,-33.4468,-70.5527,LA REINA
542,RJMC1,-33.5396,-70.5757,LA FLORIDA
543,RUOVF,-33.5114,-70.6702,LA CISTERNA
544,SACRF,-33.6025,-70.6689,LA PINTANA
545,SJESF,-33.5465,-70.6032,LA FLORIDA
546,SJNF2,-33.5829,-70.4426,SAN JOSÉ DE MAIPO
547,SRSC1,-33.516,-70.6395,SAN MIGUEL
548,BUSIS,-33.4456,-70.6305,PROVIDENCIA
549,SVEST,-33.4368,-70.7536,PUDAHUEL
550,TINOF,-33.3879,-70.5435,VITACURA
551,VDNOF,-33.486999999999995,-70.6195,SAN JOAQUÍN
552,VTAND,-33.3806,-70.5419,VITACURA
553,NLYON,-33.4214,-70.6125,PROVIDENCIA
554,VCHIC,-33.4314,-70.65,RECOLETA
555,CLCP2,-33.3854,-70.5295,LAS CONDES
556,COSNC,-33.4259,-70.6327,PROVIDENCIA
557,EDNUA,-33.5076,-70.6586,SAN MIGUEL
558,CTDLF,-33.4372,-70.6522,SANTIAGO
559,HCHMU,-33.5143,-70.565,LA FLORIDA
560,BAHF2,-33.4403,-70.6522,SANTIAGO
561,HUARA,-33.4284,-70.5594,LAS CONDES
562,GENER,-33.4594,-70.6102,ÑUÑOA
563,HSFR1,-33.3754,-70.5419,VITACURA
564,MCALF,-33.3918,-70.57300000000001,VITACURA
565,HCVAL,-33.4593,-70.8423,PUDAHUEL
566,HLAMO,-33.3187,-70.733,LAMPA
567,MEPDV,-33.4254,-70.6145,PROVIDENCIA
568,AGSC1,-33.4469,-70.6751,SANTIAGO
569,HBSIL,-33.45,-70.6565,SANTIAGO
570,MCSNF,-33.4383,-70.6484,SANTIAGO
571,INDC1,-33.4213,-70.6532,INDEPENDENCIA
572,TLILA,-33.426,-70.5921,PROVIDENCIA
573,DELOI,-33.4053,-70.572,LAS CONDES
574,MTBLF,-33.5702,-70.5569,PUENTE ALTO
575,CAJG1,-33.6322,-70.3343,SAN JOSÉ DE MAIPO
576,AMEXF,-33.5652,-70.5677,PUENTE ALTO
577,LECHE,-33.6344,-70.6097,PUENTE ALTO
578,VPAI2,-33.8094,-70.8607,BUIN
579,MECOL,-33.4262,-70.59100000000001,PROVIDENCIA
580,MELOR,-33.4625,-70.5738,PEÑALOLÉN
581,GENOL,-33.4305,-70.6906,QUINTA NORMAL
582,MEPRI,-33.4392,-70.5731,LA REINA
583,MEPUE,-33.6098,-70.5755,PUENTE ALTO
584,PNOG1,-33.2871,-70.7312,COLINA
585,FBMOI,-33.4419,-70.6501,SANTIAGO
586,APUF2,-33.4099,-70.5675,LAS CONDES
587,PUSF2,-33.4363,-70.6513,SANTIAGO
588,MATTA,-33.4549,-70.6266,ÑUÑOA
589,VESR5,-33.369,-70.7006,QUILICURA
590,COBAF,-33.4385,-70.6524,SANTIAGO
591,MEIGF,-33.4521,-70.6768,SANTIAGO
592,LMIR3,-33.6259,-70.7028,SAN BERNARDO
593,PAI18,-33.8029,-70.7063,PAINE
594,C68CB,-33.4325,-71.0286,CURACAVÍ
595,IGNAC,-33.5277,-70.7969,MAIPÚ
596,LLELO,-33.4223,-70.6054,PROVIDENCIA
597,SANT5,-33.5322,-70.6031,LA FLORIDA
598,MANUA,-33.5427,-70.5955,LA FLORIDA
599,PETEO,-33.6115,-70.9014,PEÑAFLOR
600,HAP10,-33.4045,-70.5748,LAS CONDES
601,HAP11,-33.4061,-70.5707,LAS CONDES
602,MAPLI,-33.3648,-70.6783,HUECHURABA
603,MAPLA,-33.3659,-70.6784,HUECHURABA
604,KPRIV,-33.3893,-70.5874,VITACURA
605,IRAPA,-33.6064,-70.5692,PUENTE ALTO
606,SSRIE,-33.413000000000004,-70.6001,LAS CONDES
607,LATRA,-33.4543,-70.7582,PUDAHUEL
608,MEDEP,-33.5032,-70.655,SAN MIGUEL
609,HCRC1,-33.3846,-70.6399,RECOLETA
610,CEMPR,-33.3894,-70.6109,HUECHURABA
611,MPEGA,-33.4524,-70.5695,LA REINA
612,MEVES,-33.3809,-70.6459,RECOLETA
613,PIODI,-33.4334,-70.6356,PROVIDENCIA
614,VIETE,-33.387,-70.5645,VITACURA
615,STATE,-33.5432,-70.5714,LA FLORIDA
616,HUEES,-33.4394,-70.6494,SANTIAGO
617,RIVSF,-33.4821,-70.6351,SAN JOAQUÍN
618,MPLDO,-33.3549,-70.5174,LO BARNECHEA
619,CAN13,-33.4275,-70.6273,PROVIDENCIA
620,CQUEF,-33.3639,-70.3509,LO BARNECHEA
621,11SEP,-33.4223,-70.6111,PROVIDENCIA
622,BARRO,-33.4306,-70.6179,PROVIDENCIA
623,HUELE,-33.4233,-70.7399,CERRO NAVIA
624,MBOM5,-33.493,-70.5878,MACUL
625,MDUA1,-33.4594,-70.5716,PEÑALOLÉN
626,MINOO,-33.436,-70.6303,PROVIDENCIA
627,PAINE,-33.8031,-70.7556,BUIN
628,RVICT,-33.5009,-70.6874,PEDRO AGUIRRE CERDA
629,MACHO,-33.4258,-70.7184,QUINTA NORMAL
630,PTIB1,-33.4134,-70.6062,LAS CONDES
631,FLAVA,-33.4257,-70.5813,LAS CONDES
632,ROARA,-33.4751,-70.6067,MACUL
633,PESSJ,-33.6267,-70.8447,PEÑAFLOR
634,EOBRA,-33.6274,-70.612,PUENTE ALTO
635,MPVSF,-33.5178,-70.5984,LA FLORIDA
636,CBARB,-33.4718,-71.0138,CURACAVÍ
637,CIUSA,-33.5545,-70.795,MAIPÚ
638,LANBM,-33.3869,-70.7938,PUDAHUEL
639,MAMA1,-33.4803,-70.7517,MAIPÚ
640,ESAN4,-33.4413,-70.6518,SANTIAGO
641,PARIL,-33.3067,-70.7008,COLINA
642,HAGSB,-33.6025,-70.7017,SAN BERNARDO
643,MAMA2,-33.4803,-70.7517,MAIPÚ
644,FAMAM,-33.4799,-70.7516,MAIPÚ
645,TALGT,-33.6753,-70.9499,TALAGANTE
646,LUISZ,-33.4119,-70.57300000000001,LAS CONDES
647,MGENC,-33.4386,-70.6518,SANTIAGO
648,ALTLS,-33.1399,-70.7054,COLINA
649,MCFLC,-33.1678,-70.3258,LO BARNECHEA
650,CPEZC,-33.1923,-70.3405,LO BARNECHEA
651,CTLTD,-33.1437,-70.7147,COLINA
652,SANTO,-33.4361,-70.6473,SANTIAGO
653,SANT2,-33.4439,-70.6238,PROVIDENCIA
654,PASTA,-33.4345,-70.6348,PROVIDENCIA
655,BCILC,-33.4161,-70.5895,LAS CONDES
656,SANT4,-33.5403,-70.6347,SAN RAMÓN
657,MIHF2,-33.4392,-70.6456,SANTIAGO
658,TPSC1,-33.3284,-70.5316,LO BARNECHEA
659,BCIHU,-33.44,-70.6524,SANTIAGO
660,ABEDF,-33.4075,-70.5997,VITACURA
661,LAVAN,-33.4231,-70.5896,LAS CONDES
662,MAQUI,-33.3662,-70.7269,QUILICURA
663,CARAB,-33.3711,-70.5775,VITACURA
664,FOSF2,-33.417,-70.596,LAS CONDES
665,SENOS,-33.4334,-70.7076,QUINTA NORMAL
666,VITAR,-33.7483,-70.9115,ISLA DE MAIPO
667,BMERF,-33.4552,-70.6839,ESTACIÓN CENTRAL
668,LOSCU,-33.4129,-70.6089,PROVIDENCIA
669,MCLAF,-33.449,-70.6125,ÑUÑOA
670,MEVIM,-33.5196,-70.5961,LA FLORIDA
671,TALPE,-33.6432,-70.9164,TALAGANTE
672,PAINC,-33.8139,-70.7483,PAINE
673,TDIJU,-33.4534,-70.6478,SANTIAGO
674,AHALF,-33.4435,-70.6506,SANTIAGO
675,ARRYF,-33.3355,-70.4839,LO BARNECHEA
676,ASFRE,-33.4369,-70.7456,PUDAHUEL
677,CACON,-33.329,-70.7266,QUILICURA
678,CCVN2,-33.3967,-71.1421,CURACAVÍ
679,HUING,-33.3394,-70.5119,LO BARNECHEA
680,MFLOF,-33.5175,-70.6055,LA FLORIDA
681,MTCAR,-33.4296,-70.6275,PROVIDENCIA
682,PARC2,-33.4442,-70.6463,SANTIAGO
683,MELAM,-33.4447,-70.6553,SANTIAGO
684,MELOH,-33.4462,-70.6603,SANTIAGO
685,MEREP,-33.4482,-70.6691,SANTIAGO
686,HPDV2,-33.4485,-70.5822,ÑUÑOA
687,AHMF2,-33.442,-70.6506,SANTIAGO
688,CHELO,-33.4224,-70.641,RECOLETA
689,LIBEB,-33.4275,-70.6808,QUINTA NORMAL
690,HBVA1,-33.4278,-70.5846,LAS CONDES
691,DOCTO,-33.4446,-70.5964,PROVIDENCIA
692,ALENO,-33.4136,-70.5975,LAS CONDES
693,CRECE,-33.3737,-70.5487,VITACURA
694,CUETE,-33.4439,-70.5918,PROVIDENCIA
695,DLSLT,-33.5375,-70.544,LA FLORIDA
696,SLINE,-33.3676,-70.7105,QUILICURA
697,ESTMO,-33.4417,-70.6486,SANTIAGO
698,FLLCA,-33.4298,-70.5772,LAS CONDES
699,LDLDE,-33.3402,-70.5286,LO BARNECHEA
700,VINOS,-33.4942,-70.6417,SAN MIGUEL
701,AGMAC,-33.4407,-70.6468,SANTIAGO
702,ALACI,-33.4471,-70.6626,SANTIAGO
703,APIMB,-33.583,-70.5498,PUENTE ALTO
704,ACTLE,-33.569,-70.5826,PUENTE ALTO
705,HTELW,-33.4158,-70.595,LAS CONDES
706,UCATC,-33.4437,-70.641,SANTIAGO
707,IDABA,-33.4264,-70.6539,INDEPENDENCIA
708,CPAVA,-33.2814,-70.6734,COLINA
709,BATNO,-33.2282,-70.8022,LAMPA
710,PDVC2,-33.443000000000005,-70.6071,PROVIDENCIA
711,HPPUA,-33.6103,-70.5748,PUENTE ALTO
712,AGUES,-33.4416,-70.6582,SANTIAGO
713,MTAJF,-33.4167,-70.6044,LAS CONDES
714,AMA2B,-33.4825,-70.751,MAIPÚ
715,VILIQ,-33.4011,-70.7217,RENCA
716,BUCDE,-33.7367,-70.7395,BUIN
717,AVLAU,-33.5867,-70.6539,LA PINTANA
718,SFRFE,-33.4351,-70.7628,PUDAHUEL
719,MECEF,-33.4497,-70.6756,SANTIAGO
720,PRIME,-33.537,-70.7165,SAN BERNARDO
721,SANT7,-33.2638,-70.727,COLINA
722,SKLCI,-33.416,-70.5863,LAS CONDES
723,SLSVF,-33.4699,-70.6761,SANTIAGO
724,AREN3,-33.4625,-70.6615,SANTIAGO
725,SANEU,-33.5657,-70.7187,SAN BERNARDO
726,HLRE4,-33.4389,-70.5398,LA REINA
727,HNUN3,-33.4501,-70.5556,LA REINA
728,HNUN5,-33.4571,-70.5676,LA REINA
729,CHANT,-33.4572,-70.6455,SANTIAGO
730,TANGO,-33.6144,-70.7214,SAN BERNARDO
731,WMQUI,-33.361,-70.7013,QUILICURA
732,CMNTA,-33.3328,-70.7443,QUILICURA
733,WMHUI,-33.39,-70.6141,HUECHURABA
734,CUNOE,-33.3884,-71.1259,CURACAVÍ
735,ARQUE,-33.4014,-70.5741,LAS CONDES
736,BATUC,-33.2284,-70.8392,LAMPA
737,VIGAF,-33.5789,-70.5768,PUENTE ALTO
738,MTLCF,-33.4594,-70.6515,SANTIAGO
739,BOQUE,-33.583,-70.6755,SAN BERNARDO
740,BUIC1,-33.7332,-70.735,BUIN
741,CARLE,-33.4165,-70.7047,QUINTA NORMAL
742,CNUNF,-33.4536,-70.6052,ÑUÑOA
743,PALTF,-33.4666,-70.5311,PEÑALOLÉN
744,PFVF2,-33.3558,-70.6756,HUECHURABA
745,PNCYA,-33.364000000000004,-70.6321,HUECHURABA
746,RODEO,-33.3487,-70.5164,LO BARNECHEA
747,TRINF,-33.5467,-70.5883,LA FLORIDA
748,SATAN,-33.8039,-71.3018,MELIPILLA
749,HIMA1,-33.7451,-70.8991,ISLA DE MAIPO
750,MCULO,-33.5083,-70.5897,PEÑALOLÉN
751,JULIE,-33.4511,-70.58800000000001,ÑUÑOA
752,CALEV,-33.3705,-70.7572,QUILICURA
753,ESBLA,-33.5118,-70.7305,MAIPÚ
754,2NENT,-33.5372,-70.6198,LA GRANJA
755,ENUCL,-33.4269,-70.53,LAS CONDES
756,LCOPI,-33.5919,-70.7951,CALERA DE TANGO
757,ELMOO,-33.7707,-71.2201,MELIPILLA
758,HSFR2,-33.3757,-70.5399,VITACURA
759,FONTA,-33.4193,-70.558,LAS CONDES
760,MESAA,-33.4383,-70.6481,SANTIAGO
761,MUNEB,-33.5557,-70.6681,EL BOSQUE
762,NUSIE,-33.8487,-70.7678,PAINE
763,PARAU,-33.4034,-70.5753,LAS CONDES
764,PVLPE,-33.4805,-70.6055,MACUL
765,LILAF,-33.4281,-70.5936,PROVIDENCIA
766,CRCV1,-33.4099,-70.5705,LAS CONDES
767,CRCV2,-33.41,-70.5703,LAS CONDES
768,ALVAR,-33.4517,-70.5222,LA REINA
769,SANT6,-33.2113,-70.6533,COLINA
770,PAMON,-33.4079,-70.5497,LAS CONDES
771,MEBL5,-33.4374,-70.6334,PROVIDENCIA
772,LOSEN,-33.5243,-70.5229,LA FLORIDA
773,MEVI5,-33.5263,-70.5968,LA FLORIDA
774,EPOCU,-33.4363,-70.6077,PROVIDENCIA
775,NVDG1,-33.3452,-70.5221,LO BARNECHEA
776,PRVC2,-33.333,-70.2843,LO BARNECHEA
777,CALG1,-33.3972,-70.5351,LAS CONDES
778,GOMAN,-33.3332,-70.5594,LO BARNECHEA
779,METRA,-33.4529,-70.7391,PUDAHUEL
780,MEPUD,-33.4446,-70.7406,LO PRADO
781,MEBLA,-33.4416,-70.7073,QUINTA NORMAL
782,MEARM,-33.4373,-70.6506,SANTIAGO
783,MENOR,-33.4403,-70.6804,SANTIAGO
784,MECUM,-33.4391,-70.6684,SANTIAGO
785,MEART,-33.4368,-70.6389,SANTIAGO
786,EBPHE,-33.3767,-70.5584,VITACURA
787,ESPAC,-33.3844,-70.6283,HUECHURABA
788,MEBUS,-33.4428,-70.6316,PROVIDENCIA
789,RAPET,-33.3596,-70.5151,LO BARNECHEA
790,SSTAM,-33.3074,-70.5418,LO BARNECHEA
791,PICHF,-33.5561,-70.723,SAN BERNARDO
792,MESTA,-33.4901,-70.7529,MAIPÚ
793,POA2F,-33.5174,-70.7174,CERRILLOS
794,MALVI,-33.5339,-70.6506,LA CISTERNA
795,MLINC,-33.4244,-70.6628,INDEPENDENCIA
796,MBAYR,-33.5114,-70.5574,PEÑALOLÉN
797,RM027,-33.4606,-70.6783,SANTIAGO
798,MININ,-33.4431,-70.6538,SANTIAGO
799,MILAN,-33.4769,-70.6508,SAN MIGUEL
800,AAPVI,-33.5951,-70.5386,PUENTE ALTO
801,BICHO,-33.2418,-70.6698,COLINA
802,OCAMC,-33.4515,-70.6736,SANTIAGO
803,YELCH,-33.4719,-70.7117,ESTACIÓN CENTRAL
804,EFEC2,-33.442,-70.6533,SANTIAGO
805,NVALB,-33.1649,-70.2866,LO BARNECHEA
806,ORRES,-33.4571,-70.5893,ÑUÑOA
807,MABLA,-33.5099,-70.7909,MAIPÚ
808,5DEUM,-33.4659,-70.7071,ESTACIÓN CENTRAL
809,VALLE,-33.3528,-70.7295,QUILICURA
810,SALVA,-33.4355,-70.6262,PROVIDENCIA
811,TAPAU,-33.403,-70.5773,LAS CONDES
812,LPANC,-33.4661,-70.9842,CURACAVÍ
813,ECUAH,-33.451,-70.6856,ESTACIÓN CENTRAL
814,HBIOI,-33.4737,-70.6399,SANTIAGO
815,GOHBT,-33.4534,-70.6673,SANTIAGO
816,MPDC2,-33.3736,-70.6922,CONCHALÍ
817,ENOTK,-33.4152,-70.6215,PROVIDENCIA
818,HLFL3,-33.4953,-70.6039,MACUL
819,HTVO0,-33.5042,-70.7481,MAIPÚ
820,AGAND,-33.4325,-70.6571,SANTIAGO
821,ITCTS,-33.5376,-70.6644,LA CISTERNA
822,LOSJO,-33.5509,-70.6183,LA GRANJA
823,MGAV1,-33.5202,-70.6547,LA CISTERNA
824,VILUC,-33.775,-70.7951,BUIN
825,ALALC,-33.4462,-70.6556,SANTIAGO
826,VALAM,-33.4438,-70.6557,SANTIAGO
827,HBACH,-33.504,-70.7573,MAIPÚ
828,COPES,-33.4673,-70.6308,SANTIAGO
829,H4ALA,-33.5176,-70.7607,MAIPÚ
830,MANNE,-33.3994,-70.5699,LAS CONDES
831,RODOL,-33.4505,-70.5919,ÑUÑOA
832,CAL42,-33.4184,-70.5958,LAS CONDES
833,CLIMB,-33.371,-70.4644,LO BARNECHEA
834,METOC,-33.4523,-70.6587,SANTIAGO
835,HNUN4,-33.453,-70.565,LA REINA
836,HCHI1,-33.4913,-70.65100000000001,SAN MIGUEL
837,ULTRI,-33.4143,-70.6031,LAS CONDES
838,MEIRA,-33.4538,-70.6288,ÑUÑOA
839,MENUB,-33.4672,-70.6252,ÑUÑOA
840,SATCL,-33.5305,-70.6985,LO ESPEJO
841,SESAN,-33.5428,-70.9012,PADRE HURTADO
842,SISAC,-33.4502,-70.6416,SANTIAGO
843,MARIT,-33.5086,-70.7025,CERRILLOS
844,TOCAL,-33.6046,-70.5918,PUENTE ALTO
845,TOME4,-33.5315,-70.6169,LA GRANJA
846,ARRAU,-33.4048,-70.5742,LAS CONDES
847,WATTS,-33.5473,-70.7018,SAN BERNARDO
848,ECOR6,-33.437,-70.6326,PROVIDENCIA
849,MEMAM,-33.4288,-70.6194,PROVIDENCIA
850,MEINS,-33.4065,-70.6432,RECOLETA
851,MEPAT,-33.4296,-70.6473,RECOLETA
852,MELH2,-33.4455,-70.6603,SANTIAGO
853,MEPOH,-33.461,-70.6568,SANTIAGO
854,MEFRA,-33.4757,-70.65,SANTIAGO
855,MELOV,-33.4964,-70.6527,SAN MIGUEL
856,MECIN,-33.5096,-70.6564,SAN MIGUEL
857,MELOO,-33.5174,-70.6586,LA CISTERNA
858,MAC2C,-33.4818,-70.5844,MACUL
859,EATCU,-33.496,-70.6327,SAN JOAQUÍN
860,EDCTR,-33.443000000000005,-70.6547,SANTIAGO
861,MESAN,-33.4426,-70.645,SANTIAGO
862,MEULA,-33.4494,-70.6723,SANTIAGO
863,MEECE,-33.4512,-70.6786,ESTACIÓN CENTRAL
864,MUSAC,-33.4531,-70.6862,ESTACIÓN CENTRAL
865,METPA,-33.4574,-70.71600000000001,LO PRADO
866,LARIB,-33.2992,-70.8594,LAMPA
867,ERTEU,-33.5526,-70.7797,MAIPÚ
868,NTE2U,-33.6791,-70.9859,EL MONTE
869,PUENT,-33.5757,-70.5177,PUENTE ALTO
870,HUPF2,-33.4395,-70.6499,SANTIAGO
871,ENTEU,-33.6995,-71.0244,EL MONTE
872,INA2U,-33.4947,-70.6627,SAN MIGUEL
873,HOIN1,-33.413000000000004,-70.6029,LAS CONDES
874,PORVG,-33.243,-70.7296,COLINA
875,HLRE2,-33.4498,-70.5236,LA REINA
876,CCA5H,-33.418,-70.6059,PROVIDENCIA
877,CCA2A,-33.418,-70.6059,PROVIDENCIA
878,CCA2E,-33.418,-70.6059,PROVIDENCIA
879,CCA2O,-33.418,-70.6059,PROVIDENCIA
880,CCA1G,-33.418,-70.6059,PROVIDENCIA
881,CCA1H,-33.418,-70.6059,PROVIDENCIA
882,ACA3A,-33.3904,-70.5474,LAS CONDES
883,ACA2C,-33.3904,-70.5474,LAS CONDES
884,PAA2E,-33.4024,-70.579,LAS CONDES
885,PAA1C,-33.4024,-70.579,LAS CONDES
886,MAPAC,-33.5098,-70.7578,MAIPÚ
887,GNDRM,-33.4358,-70.6555,SANTIAGO
888,ITAB2,-33.4044,-70.5733,LAS CONDES
889,TBRAS,-33.4008,-70.7453,RENCA
890,CMEAC,-33.6178,-70.8642,PEÑAFLOR
891,CRUCA,-33.6121,-70.7922,CALERA DE TANGO
892,KCLRK,-33.3024,-70.7095,COLINA
893,PJGMA,-33.4326,-70.6584,SANTIAGO
894,LROBL,-33.3825,-70.747,QUILICURA
895,CMASC,-33.3983,-70.7957,PUDAHUEL
896,MONU2,-33.5065,-70.6049,MACUL
897,MONU1,-33.5065,-70.6049,MACUL
898,MENA3,-33.4657,-70.6108,ÑUÑOA
899,MENA4,-33.4657,-70.6108,ÑUÑOA
900,VILLR,-33.8188,-70.7329,PAINE
901,HSFC1,-33.4013,-70.5256,LAS CONDES
902,L6NU1,-33.4845,-70.6944,CERRILLOS
903,L6NU4,-33.4774,-70.6418,SAN JOAQUÍN
904,BEAM1,-33.4436,-70.6524,SANTIAGO
905,STDB2,-33.4412,-70.6522,SANTIAGO
906,AGRIF,-33.4995,-70.5969,MACUL
907,ATRRF,-33.4815,-70.7257,MAIPÚ
908,AVPAZ,-33.4239,-70.6507,RECOLETA
909,EYZAF,-33.617,-70.60300000000001,PUENTE ALTO
910,GOBC1,-33.423,-70.6768,RENCA
911,HCARF,-33.4971,-70.7613,MAIPÚ
912,EDIRF,-33.4134,-70.5665,LAS CONDES
913,POYAF,-33.3735,-70.6332,HUECHURABA
914,MONTC,-33.3113,-70.7151,COLINA
915,RBAKF,-33.4287,-70.7223,CERRO NAVIA
916,TAPUD,-33.4067,-70.795,PUDAHUEL
917,VGRAF,-33.3112,-70.7388,LAMPA
918,L3N01,-33.4532,-70.5709,ÑUÑOA
919,L3N03,-33.4555,-70.5975,ÑUÑOA
920,L3N04,-33.4583,-70.643,SANTIAGO
921,L3N05,-33.4546,-70.6281,ÑUÑOA
922,L3N06,-33.4583,-70.643,SANTIAGO
923,L3N07,-33.4516,-70.6502,SANTIAGO
924,L3N11,-33.3974,-70.6695,CONCHALÍ
925,L3N12,-33.3852,-70.6795,CONCHALÍ
926,L3N02,-33.4555,-70.5975,ÑUÑOA
927,FBCA1,-33.4378,-70.6571,SANTIAGO
928,FBCA3,-33.4378,-70.6571,SANTIAGO
929,CERC1,-33.4875,-70.7033,CERRILLOS
930,CORF2,-33.4367,-70.632,PROVIDENCIA
931,DARAF,-33.3908,-70.5404,LAS CONDES
932,EUSAF,-33.4161,-70.6009,LAS CONDES
933,JERC1,-33.3938,-70.558,LAS CONDES
934,LPCSF,-33.4962,-70.5318,PEÑALOLÉN
935,LRRC1,-33.4542,-70.5309,LA REINA
936,PUNTI,-33.7261,-71.0019,ISLA DE MAIPO
937,CECH1,-33.5953,-70.7309,SAN BERNARDO
938,ELMA2,-33.5832,-70.3749,SAN JOSÉ DE MAIPO
939,MATXB,-33.4349,-70.6814,QUINTA NORMAL
940,NUNC1,-33.4486,-70.5725,ÑUÑOA
941,ORTRF,-33.3932,-70.6424,RECOLETA
942,PLING,-33.463,-70.5971,ÑUÑOA
943,VCASF,-33.4313,-70.6098,PROVIDENCIA
944,ZPTG1,-33.3891,-71.2666,CURACAVÍ
945,SACOX,-33.4669,-70.6525,SANTIAGO
946,NARVK,-33.4067,-70.5662,LAS CONDES
947,PELYA,-33.4309,-70.6229,PROVIDENCIA
948,FLXCF,-33.4243,-70.6128,PROVIDENCIA
949,AOSSF,-33.4374,-70.5738,LA REINA
950,LPALF,-33.4224,-70.6094,PROVIDENCIA
951,MJTC1,-33.4374,-70.6497,SANTIAGO
952,TEAHU,-33.4399,-70.6555,SANTIAGO
953,SUCC1,-33.4481,-70.5993,ÑUÑOA
954,REI2N,-33.4447,-70.5439,LA REINA
955,APORF,-33.5187,-70.7891,MAIPÚ
956,MELAB,-33.4184,-70.6016,PROVIDENCIA
957,OCNC1,-33.4429,-70.7706,PUDAHUEL
958,PENC1,-33.479,-70.5577,PEÑALOLÉN
959,VICEP,-33.4007,-70.5628,LAS CONDES
960,RMPC1,-33.6182,-70.6222,PUENTE ALTO
961,VFRAF,-33.4686,-70.7012,ESTACIÓN CENTRAL
962,MOVPV,-33.5167,-70.6005,LA FLORIDA
963,BATUF,-33.2395,-70.8066,LAMPA
964,JATOF,-33.527,-70.5625,LA FLORIDA
965,MCA2F,-33.4427,-70.6465,SANTIAGO
966,PA18F,-33.5306,-70.5853,LA FLORIDA
967,ENCC1,-33.4711,-70.6144,ÑUÑOA
968,ROSAF,-33.4346,-70.6557,SANTIAGO
969,PAR14,-33.5217,-70.5962,LA FLORIDA
970,PARTF,-33.4326,-70.6476,RECOLETA
971,JQVED,-33.5009,-70.6066,MACUL
972,QUILN,-33.3501,-70.7166,QUILICURA
973,FELIU,-33.3212,-70.6461,COLINA
974,MAPC1,-33.5082,-70.719,CERRILLOS
975,DINCF,-33.411,-70.5733,LAS CONDES
976,ACHNF,-33.2848,-70.6938,COLINA
977,PPTAF,-33.8294,-71.3202,MELIPILLA
978,PSURF,-33.6188,-70.5721,PUENTE ALTO
979,HUPEF,-33.3973,-70.5823,VITACURA
980,BUSTF,-33.439,-70.594,PROVIDENCIA
981,CLQC2,-33.5439,-70.744,MAIPÚ
982,COLG1,-33.1751,-70.6529,COLINA
983,PACHF,-33.562,-70.7072,SAN BERNARDO
984,VHERF,-33.5322,-70.775,MAIPÚ
985,DORSF,-33.3999,-70.6579,RECOLETA
986,ALONS,-33.4016,-70.5969,VITACURA
987,ELYAF,-33.4301,-70.6029,PROVIDENCIA
988,CHPC1,-33.4651,-70.6736,SANTIAGO
989,DMNC2,-33.4083,-70.5477,LAS CONDES
990,CNLOF,-33.4206,-70.5948,LAS CONDES
991,EESF2,-33.4157,-70.5753,LAS CONDES
992,TRAC1,-33.3863,-70.5589,VITACURA
993,PVSG1,-33.517,-70.5956,LA FLORIDA
994,SULDE,-33.3592,-70.5182,LO BARNECHEA
995,SUNLC,-33.3926,-70.544,LAS CONDES
996,QLCG1,-33.3693,-70.7242,QUILICURA
997,MONG1,-33.6776,-70.9999,EL MONTE
998,MRPG2,-33.5189,-71.1108,MARÍA PINTO
999,POMC2,-33.6604,-71.1454,MELIPILLA
1000,CCA1B,-33.418,-70.6059,PROVIDENCIA
1001,CCY1D,-33.418,-70.6059,PROVIDENCIA
1002,CCY4C,-33.418,-70.6059,PROVIDENCIA
1003,CEMPA,-33.8033,-70.74,PAINE
1004,LHTTF,-33.4023,-70.5778,LAS CONDES
1005,ATICF,-33.4627,-70.6056,ÑUÑOA
1006,NATNL,-33.4461,-70.6535,SANTIAGO
1007,AMBXF,-33.3967,-70.7936,PUDAHUEL
1008,PUINC,-33.397,-70.7937,PUDAHUEL
1009,LIRUF,-33.7634,-70.7391,BUIN
1010,PDEPF,-33.51,-70.625,SAN JOAQUÍN
1011,PAA1I,-33.4024,-70.579,LAS CONDES
1012,PAX1A,-33.4024,-70.579,LAS CONDES
1013,MLILD,-33.3523,-70.5209,LO BARNECHEA
1014,MELA4,-33.4186,-70.6014,PROVIDENCIA
1015,ASOLC,-33.5113,-70.7998,MAIPÚ
1016,ACARO,-33.4411,-70.5427,LA REINA
1017,TAVAN,-33.3599,-70.2484,LO BARNECHEA
1018,CJHUA,-33.3408,-70.4664,LO BARNECHEA
1019,EPARF,-33.5313,-70.645,SAN RAMÓN
1020,GMRIF,-33.3696,-70.7343,QUILICURA
1021,CONQF,-33.4203,-70.6173,PROVIDENCIA
1022,PIRF2,-33.5056,-70.5372,PEÑALOLÉN
1023,GRJC1,-33.5399,-70.6143,LA GRANJA
1024,LTHSF,-33.532,-70.5506,LA FLORIDA
1025,RULOF,-33.6866,-70.6755,BUIN
1026,AGUAF,-33.495,-70.6558,SAN MIGUEL
1027,GOREF,-33.4443,-70.7002,QUINTA NORMAL
1028,PUNPF,-33.4435,-70.7519,PUDAHUEL
1029,WSMTF,-33.4089,-70.5679,LAS CONDES
1030,AMA2E,-33.4825,-70.751,MAIPÚ
1031,LAGSU,-33.4604,-70.7519,PUDAHUEL
1032,FLBAF,-33.434,-70.54,LA REINA
1033,SAEXF,-33.4353,-70.62,PROVIDENCIA
1034,POA3E,-33.5174,-70.7174,CERRILLOS
1035,POA1B,-33.5174,-70.7174,CERRILLOS
1036,POA1C,-33.5174,-70.7174,CERRILLOS
1037,PZARF,-33.485,-70.58800000000001,MACUL
1038,AJINE,-33.4584,-70.6189,ÑUÑOA
1039,MRCOF,-33.6086,-71.1167,MELIPILLA
1040,MVCC2,-33.3712,-70.652,HUECHURABA
1041,CALLF,-33.418,-70.59100000000001,LAS CONDES
1042,15COS,-33.4425,-70.7589,PUDAHUEL
1043,HAPO3,-33.4228,-70.5418,LAS CONDES
1044,PRAEJ,-33.6142,-70.5975,PUENTE ALTO
1045,HAPO4,-33.4232,-70.5442,LAS CONDES
1046,HAPO7,-33.4034,-70.5313,LAS CONDES
1047,HAPO8,-33.4101,-70.5265,LAS CONDES
1048,HUEQO,-33.8341,-70.6422,PAINE
1049,CHILC,-32.9255,-70.8052,TILTIL
1050,NICUR,-33.4035,-70.5928,VITACURA
1051,HSFC5,-33.4009,-70.5097,LAS CONDES
1052,LOCAM,-33.3721,-71.0551,CURACAVÍ
1053,SELEN,-33.224000000000004,-70.7224,COLINA
1054,PESCE,-33.5445,-70.7618,MAIPÚ
1055,SNPAS,-33.4142,-70.5808,LAS CONDES
1056,MACRE,-33.5821,-70.6066,PUENTE ALTO
1057,LRUCF,-33.4399,-70.6407,SANTIAGO
1058,TPOS2,-33.4449,-70.6364,SANTIAGO
1059,QLMG1,-33.8914,-71.4888,SAN PEDRO
1060,L6NL3,-33.4626,-70.6068,ÑUÑOA
1061,L6NT3,-33.4774,-70.6418,SAN JOAQUÍN
1062,L6NT6,-33.4542,-70.6051,ÑUÑOA
1063,ALCC1,-33.391,-70.5453,LAS CONDES
1064,MELOD,-33.4079,-70.5448,LAS CONDES
1065,MESMI,-33.4141,-70.5843,LAS CONDES
1066,L1016,-33.4141,-70.5843,LAS CONDES
1067,L1006,-33.4079,-70.5448,LAS CONDES
1068,L1018,-33.4141,-70.5843,LAS CONDES
1069,L1015,-33.4091,-70.5679,LAS CONDES
1070,HBCA1,-33.3779,-70.6139,HUECHURABA
1071,ANITA,-33.5196,-70.689,LO ESPEJO
1072,TAUAS,-33.5527,-70.6171,LA GRANJA
1073,CTJG1,-33.3666,-70.6956,CONCHALÍ
1074,GRFCO,-33.5656,-70.6543,LA PINTANA
1075,BEBAN,-33.4425,-70.6518,SANTIAGO
1076,HASO1,-33.5098,-70.7949,MAIPÚ
1077,5ANUE,-33.458,-70.6874,ESTACIÓN CENTRAL
1078,SUPDV,-33.4457,-70.6068,ÑUÑOA
1079,TRAMF,-33.5441,-70.6713,LA CISTERNA
1080,EVERG,-33.4305,-70.5945,PROVIDENCIA
1081,CNH12,-33.4211,-70.7183,CERRO NAVIA
1082,MCLF2,-33.4689,-70.5976,ÑUÑOA
1083,L3IR1,-33.4583,-70.643,SANTIAGO
1084,MARTA,-33.4588,-70.7327,PUDAHUEL
1085,EMB02,-33.439,-70.6543,SANTIAGO
1086,CIH12,-33.5246,-70.6545,LA CISTERNA
1087,SAND1,-33.4746,-70.6278,SAN JOAQUÍN
1088,SCPAV,-33.4347,-70.5517,LA REINA
1089,CTGG1,-33.6303,-70.7664,CALERA DE TANGO
1090,LOCAE,-33.376,-70.7252,QUILICURA
1091,RIVAD,-33.5222,-70.6404,SAN RAMÓN
1092,NIEVF,-33.616,-70.5641,PUENTE ALTO
1093,LCMAF,-33.5761,-70.7019,SAN BERNARDO
1094,LEPC1,-33.5353,-70.6958,LO ESPEJO
1095,LPRC1,-33.443000000000005,-70.7149,LO PRADO
1096,MCLLF,-33.4268,-70.5721,LAS CONDES
1097,HOSSJ,-33.4139,-70.653,INDEPENDENCIA
1098,MELC2,-33.6847,-71.2154,MELIPILLA
1099,COUC1,-33.5078,-70.5541,PEÑALOLÉN
1100,CSBDF,-33.5883,-70.6957,SAN BERNARDO
1101,DIRAF,-33.4499,-70.6217,ÑUÑOA
1102,DPCRZ,-33.5115,-70.5766,LA FLORIDA
1103,ENEAP,-33.4341,-70.7858,PUDAHUEL
1104,FANC1,-33.4564,-70.6603,SANTIAGO
1105,FAROF,-33.4059,-70.5601,LAS CONDES
1106,FONTU,-33.3484,-70.6701,HUECHURABA
1107,SAJOH,-33.379,-70.4951,LAS CONDES
1108,LAREN,-33.4558,-70.7064,LO PRADO
1109,RCANF,-33.4341,-70.6217,PROVIDENCIA
1110,RDBHF,-33.4577,-70.5193,LA REINA
1111,RMSRF,-33.6263,-70.6309,LA PINTANA
1112,TOBAL,-33.4354,-70.5921,PROVIDENCIA
1113,VITC1,-33.3913,-70.5715,VITACURA
1114,MSPOF,-33.3707,-70.5064,LAS CONDES
1115,LOBLA,-33.5883,-70.643,LA PINTANA
1116,BCIAF,-33.4409,-70.653,SANTIAGO
1117,HLASC,-33.5228,-70.6036,LA FLORIDA
1118,HMAR2,-33.3999,-70.5745,LAS CONDES
1119,HROMA,-33.5359,-70.5858,LA FLORIDA
1120,ELYEU,-33.7975,-70.2131,SAN JOSÉ DE MAIPO
1121,TLPRA,-33.4595,-70.964,CURACAVÍ
1122,MEGOL,-33.4164,-70.5956,LAS CONDES
1123,MESAL,-33.4337,-70.6262,PROVIDENCIA
1124,MEFSF,-33.4179,-70.5941,LAS CONDES
1125,MPEMF,-33.4138,-70.5843,LAS CONDES
1126,MSIGF,-33.4142,-70.5927,LAS CONDES
1127,HCABA,-33.5874,-70.688,SAN BERNARDO
1128,LRHB1,-33.4573,-70.7159,LO PRADO
1129,MESOB,-33.497,-70.7572,MAIPÚ
1130,MELME,-33.6021,-70.5772,PUENTE ALTO
1131,MELOP,-33.4798,-70.5787,MACUL
1132,CADIF,-33.4427,-70.6433,SANTIAGO
1133,MELAU,-33.673,-71.2077,MELIPILLA
1134,OBSER,-33.5919,-70.6325,LA PINTANA
1135,BMATT,-33.7055,-70.7473,BUIN
1136,AGSTF,-33.4402,-70.6449,SANTIAGO
1137,PDREA,-33.5086,-70.6148,SAN JOAQUÍN
1138,MMQHF,-33.396,-70.5722,VITACURA
1139,HYATT,-33.4043,-70.5832,LAS CONDES
1140,MJCIH,-33.4401,-70.6566,SANTIAGO
1141,TLGG1,-33.6555,-70.9422,EL MONTE
1142,MHBLF,-33.4852,-70.6445,SAN MIGUEL
1143,CLAND,-33.4062,-70.5034,LAS CONDES
1144,CLALD,-33.3558,-70.52600000000001,LO BARNECHEA
1145,UAND2,-33.4065,-70.5073,LAS CONDES
1146,SUPOE,-33.5181,-70.7171,CERRILLOS
1147,ACARF,-33.3872,-70.6573,CONCHALÍ
1148,MARTI,-33.4371,-70.6583,SANTIAGO
1149,MEBIL,-33.4315,-70.5846,LAS CONDES
1150,ENACN,-33.4635,-70.6118,ÑUÑOA
1151,INAVR,-33.3811,-70.6414,HUECHURABA
1152,AGUCO,-33.3167,-70.7475,LAMPA
1153,CAHEN,-33.4178,-70.5926,LAS CONDES
1154,BELET,-33.4255,-70.6191,PROVIDENCIA
1155,ONEMI,-33.4687,-70.664,SANTIAGO
1156,ELBAU,-33.6333,-70.7369,SAN BERNARDO
1157,EMOGA,-33.3571,-70.6994,QUILICURA
1158,MARTC,-33.3957,-70.7409,RENCA
1159,CHHBT,-33.4602,-70.6631,SANTIAGO
1160,TAPLA,-33.6636,-70.9327,TALAGANTE
1161,EDBIC,-33.4424,-70.6549,SANTIAGO
1162,EDB2C,-33.4424,-70.6549,SANTIAGO
1163,ESALT,-33.4056,-70.6238,RECOLETA
1164,CTLTS,-33.1437,-70.7147,COLINA
1165,ALCAL,-33.4169,-70.5888,LAS CONDES
1166,MSMH2,-33.4402,-70.6556,SANTIAGO
1167,JPHF2,-33.4284,-70.5416,LAS CONDES
1168,HDIGA,-33.5751,-70.6741,EL BOSQUE
1169,VTRTC,-33.4117,-70.5799,LAS CONDES
1170,LANES,-33.4432,-70.649,SANTIAGO
1171,FCORR,-33.3923,-70.592,VITACURA
1172,TSMAQ,-33.3717,-70.5839,VITACURA
1173,TCUMF,-33.4366,-70.6715,SANTIAGO
1174,PEGAN,-33.452,-70.5712,ÑUÑOA
1175,RITOS,-33.4573,-70.7216,ESTACIÓN CENTRAL
1176,SDISI,-33.4495,-70.6475,SANTIAGO
1177,PARJC,-33.4779,-70.5352,PEÑALOLÉN
1178,MESIB,-33.4459,-70.572,LA REINA
1179,CENAV,-33.4308,-70.7161,QUINTA NORMAL
1180,BAJON,-33.6408,-70.6272,PUENTE ALTO
1181,ESTC1,-33.4324,-70.6549,SANTIAGO
1182,SVIAR,-33.264,-70.6806,COLINA
1183,BSURF,-33.4667,-70.5849,ÑUÑOA
1184,SUAPV,-33.416,-70.5936,LAS CONDES
1185,CIALA,-33.3899,-70.7663,PUDAHUEL
1186,HILAR,-33.429,-70.7851,PUDAHUEL
1187,SNLEO,-33.6396,-70.6916,SAN BERNARDO
1188,LUCIF,-33.4394,-70.6443,SANTIAGO
1189,MSAHU,-33.4542,-70.6923,ESTACIÓN CENTRAL
1190,ECOR3,-33.4368,-70.6326,PROVIDENCIA
1191,PDTSA,-33.4957,-70.6232,SAN JOAQUÍN
1192,REVIZ,-33.1994,-70.4676,LO BARNECHEA
1193,CLCEH,-33.384,-70.5306,LAS CONDES
1194,MIRA3,-33.416,-70.6066,LAS CONDES
1195,MVLTO,-33.3565,-70.5394,LO BARNECHEA
1196,SBERN,-33.6103,-70.7042,SAN BERNARDO
1197,HBLAN,-33.4186,-70.6091,PROVIDENCIA
1198,EDA11,-33.4054,-70.5747,LAS CONDES
1199,CALER,-33.6138,-70.816,CALERA DE TANGO
1200,ESMER,-33.1871,-70.6475,COLINA
1201,HLRE5,-33.4409,-70.5498,LA REINA
1202,HNUN2,-33.4332,-70.5604,LA REINA
1203,ELPOU,-33.5356,-70.5665,LA FLORIDA
1204,E298U,-33.4206,-70.6003,PROVIDENCIA
1205,EDUAU,-33.4126,-70.6806,RENCA
1206,HBCFR,-33.4885,-70.6834,PEDRO AGUIRRE CERDA
1207,JLCOF,-33.3942,-70.5791,VITACURA
1208,RCHC2,-33.5537,-70.7057,SAN BERNARDO
1209,SLUIF,-33.3642,-70.7522,QUILICURA
1210,VABLF,-33.4141,-70.6038,LAS CONDES
1211,CSKIF,-33.3462,-70.2912,LO BARNECHEA
1212,BIARR,-33.4328,-70.6088,PROVIDENCIA
1213,HTALG,-33.6525,-70.9278,TALAGANTE
1214,PSTPV,-33.4521,-70.7808,PUDAHUEL
1215,CACUL,-33.8525,-70.8476,PAINE
1216,CLONR,-33.7553,-70.8173,BUIN
1217,CIPIN,-33.6244,-70.6937,SAN BERNARDO
1218,CONSD,-33.4511,-70.6543,SANTIAGO
1219,ECOR5,-33.4368,-70.6325,PROVIDENCIA
1220,ISMAQ,-33.4229,-70.5648,LAS CONDES
1221,LLEON,-33.5486,-70.6657,EL BOSQUE
1222,PDISI,-33.4334,-70.6564,SANTIAGO
1223,MALEF,-33.4429,-70.649,SANTIAGO
1224,PEFO2,-33.3405,-70.6744,HUECHURABA
1225,PROCG,-33.4275,-70.6178,PROVIDENCIA
1226,ERULO,-33.5659,-70.5386,PUENTE ALTO
1227,SBOC2,-33.4466,-70.5865,ÑUÑOA
1228,MENA2,-33.4657,-70.6108,ÑUÑOA
1229,MESA5,-33.4383,-70.6598,SANTIAGO
1230,SURAA,-33.4115,-70.5796,LAS CONDES
1231,MHSNJ,-33.4183,-70.6568,INDEPENDENCIA
1232,ELREM,-33.4186,-70.5203,LAS CONDES
1233,HMCSB,-33.4521,-70.6802,ESTACIÓN CENTRAL
1234,MFCEF,-33.5108,-70.6069,LA FLORIDA
1235,GOLFA,-33.3795,-70.5581,VITACURA
1236,HURC1,-33.5684,-70.8133,PADRE HURTADO
1237,MFRA1,-33.4407,-70.7284,LO PRADO
1238,POA3G,-33.5174,-70.7174,CERRILLOS
1239,VPAIN,-33.7851,-70.8182,BUIN
1240,FBRFC,-33.4198,-70.5983,LAS CONDES
1241,LUISA,-33.3415,-70.7434,QUILICURA
1242,HBIOB,-33.474000000000004,-70.6437,SANTIAGO
1243,PALT2,-33.5954,-70.5778,PUENTE ALTO
1244,GRALA,-33.4619,-70.6955,ESTACIÓN CENTRAL
1245,SANT3,-33.4194,-70.53399999999999,LAS CONDES
1246,LAUMA,-33.2135,-70.9205,LAMPA
1247,AWARE,-33.4106,-70.5766,LAS CONDES
1248,RAMON,-33.6257,-70.5536,PIRQUE
1249,ESQBH,-33.4497,-70.6839,ESTACIÓN CENTRAL
1250,BERGA,-33.4163,-70.5587,LAS CONDES
1251,MUNIS,-33.437,-70.6502,SANTIAGO
1252,NCITA,-33.4166,-70.598,LAS CONDES
1253,TENIS,-33.4337,-70.6428,RECOLETA
1254,NCESA,-33.4398,-70.6745,SANTIAGO
1255,EPANF,-33.4238,-70.6104,PROVIDENCIA
1256,MEISA,-33.4471,-70.6304,PROVIDENCIA
1257,ROSMO,-33.4355,-70.6542,SANTIAGO
1258,ROSMA,-33.4359,-70.6584,SANTIAGO
1259,QQA1D,-33.4881,-70.5776,PEÑALOLÉN
1260,NULCF,-33.4044,-70.57300000000001,LAS CONDES
1261,METAR,-33.4152,-70.5896,LAS CONDES
1262,SUBEC,-33.4446,-70.6567,SANTIAGO
1263,MEZAP,-33.3911,-70.6426,RECOLETA
1264,MEPCA,-33.4332,-70.6518,SANTIAGO
1265,MESNA,-33.4383,-70.6599,SANTIAGO
1266,MEROZ,-33.4703,-70.6563,SANTIAGO
1267,MELLA,-33.4828,-70.649,SAN MIGUEL
1268,MESAM,-33.4887,-70.6511,SAN MIGUEL
1269,MEPAR,-33.5265,-70.6614,LA CISTERNA
1270,MEBAQ,-33.4374,-70.6343,PROVIDENCIA
1271,MEUCH,-33.4433,-70.649,SANTIAGO
1272,MSPAB,-33.4445,-70.7233,LO PRADO
1273,ARRA2,-33.4048,-70.5742,LAS CONDES
1274,EBUST,-33.4374,-70.6328,PROVIDENCIA
1275,FRANU,-33.473,-70.648,SANTIAGO
1276,BAHIA,-33.5692,-70.6043,PUENTE ALTO
1277,PADRE,-33.6391,-70.6731,SAN BERNARDO
1278,EMUSE,-33.457,-70.7022,ESTACIÓN CENTRAL
1279,CCA5L,-33.418,-70.6059,PROVIDENCIA
1280,CCA3C,-33.418,-70.6059,PROVIDENCIA
1281,CCA2Q,-33.418,-70.6059,PROVIDENCIA
1282,CCA1K,-33.418,-70.6059,PROVIDENCIA
1283,CCY1K,-33.418,-70.6059,PROVIDENCIA
1284,ACA1D,-33.3904,-70.5474,LAS CONDES
1285,ACY3A,-33.3904,-70.5474,LAS CONDES
1286,PAA2F,-33.4024,-70.579,LAS CONDES
1287,HIARI,-33.429,-70.7851,PUDAHUEL
1288,RILAP,-33.471,-70.5295,PEÑALOLÉN
1289,HBLCC,-33.3795,-70.5292,LAS CONDES
1290,NCCOR,-33.4253,-70.5506,LAS CONDES
1291,EMON1,-33.507,-70.605,MACUL
1292,MPDO3,-33.4155,-70.5407,LAS CONDES
1293,MPDOI,-33.4155,-70.5407,LAS CONDES
1294,MCTAF,-33.3826,-70.5351,VITACURA
1295,MSMGF,-33.4217,-70.6089,PROVIDENCIA
1296,L6NW1,-33.4845,-70.6944,CERRILLOS
1297,L6NW2,-33.4774,-70.6418,SAN JOAQUÍN
1298,L6NU3,-33.4774,-70.6418,SAN JOAQUÍN
1299,BEAM2,-33.4436,-70.6524,SANTIAGO
1300,TORME,-33.2304,-70.4089,LO BARNECHEA
1301,CHUF2,-33.2913,-70.6565,COLINA
1302,LOBOF,-33.3844,-70.7585,PUDAHUEL
1303,NOVIC,-33.3996,-70.8562,PUDAHUEL
1304,L3N08,-33.4438,-70.6498,SANTIAGO
1305,L3N13,-33.3658,-70.6907,CONCHALÍ
1306,FBCA2,-33.4378,-70.6571,SANTIAGO
1307,ITAR1,-33.436,-70.6463,SANTIAGO
1308,CCMG1,-33.7006,-71.234,MELIPILLA
1309,LCDC1,-33.4155,-70.5868,LAS CONDES
1310,PIRQF,-33.6336,-70.5728,PIRQUE
1311,PQBC2,-33.5242,-70.6104,LA GRANJA
1312,QNRG1,-33.4362,-70.6917,QUINTA NORMAL
1313,SCAG1,-33.3953,-70.5007,LAS CONDES
1314,SCOX2,-33.4669,-70.6525,SANTIAGO
1315,GAIF2,-33.4404,-70.6493,SANTIAGO
1316,GVIJF,-33.425,-70.6099,PROVIDENCIA
1317,CCQVF,-33.359,-70.4789,LO BARNECHEA
1318,TOJDF,-33.4178,-70.6034,PROVIDENCIA
1319,MFLEF,-33.4312,-70.5658,LA REINA
1320,LOREL,-33.4389,-70.5681,LA REINA
1321,COSNO,-33.4364,-70.6338,PROVIDENCIA
1322,LESTF,-33.4271,-70.7516,CERRO NAVIA
1323,AVIUM,-33.4403,-70.6263,PROVIDENCIA
1324,HMPUD,-33.4493,-70.7559,PUDAHUEL
1325,RQLC1,-33.4902,-70.5775,PEÑALOLÉN
1326,REDUR,-33.3911,-70.5066,LAS CONDES
1327,APQC1,-33.408,-70.5569,LAS CONDES
1328,LONQF,-33.6433,-70.8135,CALERA DE TANGO
1329,TREPA,-33.5775,-70.8002,PADRE HURTADO
1330,MENAZ,-33.4657,-70.6108,ÑUÑOA
1331,PNFG1,-33.6065,-70.8932,PEÑAFLOR
1332,TTEC1,-33.4555,-70.7416,PUDAHUEL
1333,CCA5B,-33.418,-70.6059,PROVIDENCIA
1334,CCA4H,-33.418,-70.6059,PROVIDENCIA
1335,UCAC1,-33.4382,-70.6382,SANTIAGO
1336,CCA2I,-33.418,-70.6059,PROVIDENCIA
1337,CCA2J,-33.418,-70.6059,PROVIDENCIA
1338,CCA1A,-33.418,-70.6059,PROVIDENCIA
1339,CCY1B,-33.418,-70.6059,PROVIDENCIA
1340,CCY1H,-33.418,-70.6059,PROVIDENCIA
1341,CCY2B,-33.418,-70.6059,PROVIDENCIA
1342,MSSAF,-33.425,-70.6142,PROVIDENCIA
1343,ARENA,-33.4627,-70.6618,SANTIAGO
1344,ACA3E,-33.3904,-70.5474,LAS CONDES
1345,EAVC1,-33.5698,-70.6834,EL BOSQUE
1346,ACA1H,-33.3904,-70.5474,LAS CONDES
1347,ACY1A,-33.3904,-70.5474,LAS CONDES
1348,ACY6A,-33.3904,-70.5474,LAS CONDES
1349,PAA3C,-33.4024,-70.579,LAS CONDES
1350,PAA3F,-33.4024,-70.579,LAS CONDES
1351,CSARF,-33.4709,-70.5214,PEÑALOLÉN
1352,REFOR,-33.4879,-70.7623,MAIPÚ
1353,ESRI2,-33.3838,-70.6255,HUECHURABA
1354,SMGVF,-33.3694,-70.5592,VITACURA
1355,SSTTE,-33.37,-70.5486,VITACURA
1356,HBUI3,-33.7226,-70.7415,BUIN
1357,POA3F,-33.5174,-70.7174,CERRILLOS
1358,POA2C,-33.5174,-70.7174,CERRILLOS
1359,POA1A,-33.5174,-70.7174,CERRILLOS
1360,CURAO,-33.4024,-71.1281,CURACAVÍ
1361,HVIRE,-33.5206,-70.7513,MAIPÚ
1362,QQY1A,-33.4881,-70.5776,PEÑALOLÉN
1363,NEVF2,-33.3536,-70.2487,LO BARNECHEA
1364,AATCU,-33.6994,-70.9733,TALAGANTE
1365,TBSUD,-33.3672,-70.497,LAS CONDES
1366,HBCF1,-33.4844,-70.687,PEDRO AGUIRRE CERDA
1367,HAPO9,-33.4023,-70.5275,LAS CONDES
1368,HLCO3,-33.4285,-70.5713,LAS CONDES
1369,L6NL1,-33.4845,-70.6944,CERRILLOS
1370,L6NT4,-33.4774,-70.6418,SAN JOAQUÍN
1371,L6NT7,-33.4208,-70.6088,PROVIDENCIA
1372,MEHEM,-33.408,-70.5556,LAS CONDES
1373,SUBIT,-33.3679,-70.5468,VITACURA
1374,SCLDP,-33.3269,-70.5191,LO BARNECHEA
1375,CAVIC,-33.3941,-71.1335,CURACAVÍ
1376,MELLF,-33.6639,-71.2699,MELIPILLA
1377,TUKE1,-33.4081,-70.5994,LAS CONDES
1378,SCCH1,-33.3239,-70.6348,COLINA
1379,SAND3,-33.4746,-70.6278,SAN JOAQUÍN
1380,SUMI1,-33.4404,-70.6487,SANTIAGO
1381,SALC2,-33.4425,-70.5189,LA REINA
1382,LVINF,-33.3848,-70.5168,LAS CONDES
1383,HBBAR,-33.3883,-70.685,CONCHALÍ
1384,AVESE,-33.5486,-70.6574,EL BOSQUE
1385,HMUVI,-33.3987,-70.6011,VITACURA
1386,CAMEL,-33.6626,-70.7461,CALERA DE TANGO
1387,HPDV3,-33.4525,-70.5915,ÑUÑOA
1388,MBIRF,-33.4201,-70.5986,LAS CONDES
1389,CASAS,-33.0204,-70.6878,COLINA
1390,ELMAN,-33.5826,-70.4011,SAN JOSÉ DE MAIPO
1391,MFLXF,-33.4225,-70.6128,PROVIDENCIA
1392,MEGRE,-33.4688,-70.5762,PEÑALOLÉN
1393,MEPEG,-33.4533,-70.5707,LA REINA
1394,TRBAN,-33.4394,-70.6477,SANTIAGO
1395,ABTIS,-33.4057,-70.5725,LAS CONDES
1396,BOLLF,-33.6035,-71.2036,MELIPILLA
1397,MHPIF,-33.5838,-70.6759,SAN BERNARDO
1398,LPUEM,-33.5595,-70.6613,EL BOSQUE
1399,RCECV,-33.4595,-70.5801,ÑUÑOA
1400,KAUCM,-33.4616,-70.7158,ESTACIÓN CENTRAL
1401,VTRMA,-33.4758,-70.619,MACUL
1402,MSMA1,-33.4327,-70.6284,PROVIDENCIA
1403,MSMA2,-33.4327,-70.6284,PROVIDENCIA
1404,HFCOF,-33.4439,-70.6482,SANTIAGO
1405,GBONF,-33.4534,-70.7265,LO PRADO
1406,AMERF,-33.5962,-70.7122,SAN BERNARDO
1407,PAST2,-33.4151,-70.5936,LAS CONDES
1408,ECVTR,-33.3942,-70.6182,HUECHURABA
1409,HBCAL,-33.3779,-70.6139,HUECHURABA
1410,PDVC3,-33.443000000000005,-70.6071,PROVIDENCIA
1411,MSVRF,-33.4371,-70.6255,PROVIDENCIA
1412,TONAI,-33.4533,-70.6523,SANTIAGO
1413,HNUN9,-33.4613,-70.5781,ÑUÑOA
1414,CAUPO,-33.3356,-70.6958,QUILICURA
1415,NATC2,-33.4463,-70.6521,SANTIAGO
1416,CHRMB,-33.5628,-71.2079,MELIPILLA
1417,MESOU,-33.4382,-70.6599,SANTIAGO
1418,CAPJU,-33.4391,-70.653,SANTIAGO
1419,CAMCH,-33.419000000000004,-70.6091,PROVIDENCIA
1420,HNUN7,-33.4536,-70.5593,LA REINA
1421,ENERF,-33.4447,-70.6453,SANTIAGO
1422,LEHB1,-33.5125,-70.6971,LO ESPEJO
1423,PIRQ2,-33.6691,-70.5837,PIRQUE
1424,PFMEN,-33.5789,-70.7106,SAN BERNARDO
1425,PAHB1,-33.4738,-70.7437,MAIPÚ
1426,AVLCL,-33.3979,-70.6424,RECOLETA
1427,MENA1,-33.4657,-70.6108,ÑUÑOA
1428,MESAP,-33.4449,-70.7232,LO PRADO
1429,UDDEI,-33.3927,-70.5025,LAS CONDES
1430,CIHB1,-33.5408,-70.6813,EL BOSQUE
1431,COCE3,-33.4175,-70.6062,PROVIDENCIA
1432,HSBRJ,-33.4609,-70.6417,SANTIAGO
1433,POA3A,-33.5174,-70.7174,CERRILLOS
1434,POA2G,-33.5174,-70.7174,CERRILLOS
1435,MRIVV,-33.4673,-70.711,ESTACIÓN CENTRAL
1436,HPIND,-33.3993,-70.5866,VITACURA
1437,COPHU,-33.4133,-70.5484,LAS CONDES
1438,14COS,-33.5431,-70.686,EL BOSQUE
1439,FRMCI,-33.4075,-70.5718,LAS CONDES
1440,SEPRE,-33.4422,-70.6528,SANTIAGO
1441,FOSIS,-33.4379,-70.6441,SANTIAGO
1442,MPENO,-33.5815,-70.8761,PADRE HURTADO
1443,VIELU,-33.4608,-70.657,SANTIAGO
1444,ROBES,-33.4557,-70.6547,SANTIAGO
1445,QQB1F,-33.4881,-70.5776,PEÑALOLÉN
1446,ESA11,-33.4417,-70.6522,SANTIAGO
1447,MEDOR,-33.3968,-70.6429,RECOLETA
1448,MECEB,-33.4227,-70.6452,RECOLETA
1449,MENEP,-33.4515,-70.7227,LO PRADO
1450,MEMAN,-33.4091,-70.5679,LAS CONDES
1451,HOIN2,-33.413000000000004,-70.6029,LAS CONDES
1452,HLRE1,-33.4382,-70.5299,LA REINA
1453,UCSJA,-33.4979,-70.6155,MACUL
1454,CCA4P,-33.418,-70.6059,PROVIDENCIA
1455,CCA3E,-33.418,-70.6059,PROVIDENCIA
1456,CCA2C,-33.418,-70.6059,PROVIDENCIA
1457,CCY4B,-33.418,-70.6059,PROVIDENCIA
1458,ACA1I,-33.3904,-70.5474,LAS CONDES
1459,PAA2D,-33.4024,-70.579,LAS CONDES
1460,BCIF1,-33.4424,-70.6495,SANTIAGO
1461,EJTOE,-33.4533,-70.6601,SANTIAGO
1462,GSCO1,-33.436,-70.6524,SANTIAGO
1463,CTIEL,-33.5192,-70.7552,MAIPÚ
1464,RDMLC,-33.4056,-70.5746,LAS CONDES
1465,SAAL1,-33.412,-70.5796,LAS CONDES
1466,FALLD,-33.4158,-70.54,LAS CONDES
1467,L6NW3,-33.4542,-70.6051,ÑUÑOA
1468,L6NU2,-33.4791,-70.6646,PEDRO AGUIRRE CERDA
1469,BEAM3,-33.4436,-70.6524,SANTIAGO
1470,BRPL1,-33.4064,-70.5743,LAS CONDES
1471,BRPL4,-33.4064,-70.5743,LAS CONDES
1472,L6NU5,-33.4626,-70.6068,ÑUÑOA
1473,L6NU6,-33.4542,-70.6051,ÑUÑOA
1474,STA11,-33.4408,-70.6497,SANTIAGO
1475,L6NU7,-33.4208,-70.6088,PROVIDENCIA
1476,A2EN1,-33.4051,-70.5762,LAS CONDES
1477,ALOVA,-33.4229,-70.6219,PROVIDENCIA
1478,APOPE,-33.5598,-70.5518,PUENTE ALTO
1479,HBOM2,-33.4953,-70.6039,MACUL
1480,ECOR1,-33.4369,-70.6327,PROVIDENCIA
1481,HFAR1,-33.4053,-70.5594,LAS CONDES
1482,PARC1,-33.4442,-70.6463,SANTIAGO
1483,LFRNF,-33.4111,-70.7007,QUINTA NORMAL
1484,LGLAF,-33.3952,-70.5228,LAS CONDES
1485,SUMPI,-33.6848,-71.2153,MELIPILLA
1486,CCA3H,-33.418,-70.6059,PROVIDENCIA
1487,CCY2A,-33.418,-70.6059,PROVIDENCIA
1488,CCY5C,-33.418,-70.6059,PROVIDENCIA
1489,ACA2E,-33.3904,-70.5474,LAS CONDES
1490,ACY4A,-33.3904,-70.5474,LAS CONDES
1491,PAY1A,-33.4024,-70.579,LAS CONDES
1492,ANTPR,-33.4092,-70.6357,RECOLETA
1493,AMY1A,-33.4825,-70.751,MAIPÚ
1494,POA2B,-33.5174,-70.7174,CERRILLOS
1495,TID5C,-33.4133,-70.6038,LAS CONDES
1496,HLFL1,-33.4878,-70.6066,MACUL
1497,BOTAS,-33.5274,-70.7116,CERRILLOS
1498,HMPU3,-33.4491,-70.7564,PUDAHUEL
1499,HDIR2,-33.4203,-70.7542,CERRO NAVIA
1500,HSFC2,-33.3958,-70.5111,LAS CONDES
1501,HSFC4,-33.3965,-70.5057,LAS CONDES
1502,SNPA2,-33.4142,-70.5808,LAS CONDES
1503,L6NL2,-33.4774,-70.6418,SAN JOAQUÍN
1504,L6NT5,-33.4626,-70.6068,ÑUÑOA
1505,MAO12,-33.4626,-70.6613,SANTIAGO
1506,L1004,-33.4079,-70.5448,LAS CONDES
1507,L1012,-33.4091,-70.5679,LAS CONDES
1508,L1026,-33.4512,-70.6786,ESTACIÓN CENTRAL
1509,L1013,-33.4091,-70.5679,LAS CONDES
1510,L1017,-33.4141,-70.5843,LAS CONDES
1511,HTR13,-33.5354,-70.6036,LA FLORIDA
1512,SALC1,-33.44,-70.5208,LA REINA
1513,SCMMO,-33.4469,-70.5283,LA REINA
1514,MASR3,-33.4054,-70.7055,RENCA
1515,MATUF,-33.4505,-70.6789,SANTIAGO
1516,CLIP2,-33.3176,-70.8591,LAMPA
1517,AVEMA,-33.472,-70.7574,MAIPÚ
1518,PCNT2,-33.3927,-70.5974,VITACURA
1519,FEDIS,-33.4342,-70.6615,SANTIAGO
1520,EPSU1,-33.4059,-70.5748,LAS CONDES
1521,MESJO,-33.4986,-70.6159,MACUL
1522,PLATF,-33.5734,-70.6359,LA PINTANA
1523,AREN2,-33.4626,-70.6622,SANTIAGO
1524,AAANT,-33.5445,-70.6335,LA GRANJA
1525,CARC2,-33.4921,-70.6174,MACUL
1526,PJUDI,-33.4402,-70.6567,SANTIAGO
1527,BBVA1,-33.4131,-70.6038,LAS CONDES
1528,HBCUR,-33.4108,-71.1486,CURACAVÍ
1529,HBTR2,-33.3925,-70.5538,LAS CONDES
1530,BIAR2,-33.4328,-70.6088,PROVIDENCIA
1531,TCNT1,-33.4382,-70.6453,SANTIAGO
1532,TCNT2,-33.4382,-70.6453,SANTIAGO
1533,COAGF,-33.4408,-70.65,SANTIAGO
1534,PARV2,-33.3366,-70.2894,LO BARNECHEA
1535,MBORG,-33.429,-70.6189,PROVIDENCIA
1536,HLRE7,-33.4567,-70.5361,LA REINA
1537,IBMPI,-33.4336,-70.6258,PROVIDENCIA
1538,MONAN,-33.5931,-70.5406,PUENTE ALTO
1539,HPSBC,-33.5932,-70.7034,SAN BERNARDO
1540,EDCT2,-33.4433,-70.6547,SANTIAGO
1541,RIESC,-33.4112,-70.5884,LAS CONDES
1542,MEPAZ,-33.5101,-70.757,MAIPÚ
1543,MFRA3,-33.4368,-70.7356,LO PRADO
1544,PEDRF,-33.5086,-70.6148,SAN JOAQUÍN
1545,EMCOO,-33.4498,-70.6566,SANTIAGO
1546,EMATT,-33.4049,-70.5732,LAS CONDES
1547,MEVIV,-33.5275,-70.5967,LA FLORIDA
1548,HNUN6,-33.4595,-70.5619,LA REINA
1549,MACDC,-33.3904,-70.5474,LAS CONDES
1550,LPDTE,-33.4764,-70.568,PEÑALOLÉN
1551,FBROI,-33.4357,-70.661,SANTIAGO
1552,QQA1B,-33.4881,-70.5776,PEÑALOLÉN
1553,VIZCL,-33.5968,-70.5203,PUENTE ALTO
1554,LVYBM,-33.8284,-70.0588,SAN JOSÉ DE MAIPO
1555,HMARF,-33.3999,-70.5745,LAS CONDES
1556,CUHIE,-33.3874,-71.1906,CURACAVÍ
1557,MERCA,-33.4349,-70.6516,SANTIAGO
1558,CCA4G,-33.418,-70.6059,PROVIDENCIA
1559,CCA4O,-33.418,-70.6059,PROVIDENCIA
1560,CCA3J,-33.418,-70.6059,PROVIDENCIA
1561,CCA3O,-33.418,-70.6059,PROVIDENCIA
1562,ACA3G,-33.3904,-70.5474,LAS CONDES
1563,ACA3H,-33.3904,-70.5474,LAS CONDES
1564,ACY2A,-33.3904,-70.5474,LAS CONDES
1565,PAA1J,-33.4024,-70.579,LAS CONDES
1566,PAY4A,-33.4024,-70.579,LAS CONDES
1567,BASF2,-33.4342,-70.653,SANTIAGO
1568,MPRT2,-33.611,-70.8865,PEÑAFLOR
1569,EMON2,-33.507,-70.605,MACUL
1570,PSCH1,-33.4099,-70.5727,LAS CONDES
1571,ABTS1,-33.5951,-70.715,SAN BERNARDO
1572,STAG7,-33.4408,-70.6497,SANTIAGO
1573,STA10,-33.4408,-70.6497,SANTIAGO
1574,STA12,-33.4408,-70.6497,SANTIAGO
1575,EMC02,-33.439,-70.6543,SANTIAGO
1576,L3N09,-33.433,-70.6517,SANTIAGO
1577,L3N10,-33.4179,-70.6561,INDEPENDENCIA
1578,SUMI2,-33.4404,-70.6487,SANTIAGO
1579,MENAC,-33.4657,-70.6108,ÑUÑOA
1580,PIROJ,-33.2608,-70.6246,COLINA
1581,SUHU2,-33.4402,-70.6556,SANTIAGO
1582,SUSBE,-33.5914,-70.7062,SAN BERNARDO
1583,CCA5D,-33.418,-70.6059,PROVIDENCIA
1584,CCY1E,-33.418,-70.6059,PROVIDENCIA
1585,CCY4A,-33.418,-70.6059,PROVIDENCIA
1586,CCY5A,-33.418,-70.6059,PROVIDENCIA
1587,CLCDF,-33.3851,-70.5326,LAS CONDES
1588,ACA1B,-33.3904,-70.5474,LAS CONDES
1589,PAA1E,-33.4024,-70.579,LAS CONDES
1590,PAA1G,-33.4024,-70.579,LAS CONDES
1591,PAA1H,-33.4024,-70.579,LAS CONDES
1592,AMA1B,-33.4825,-70.751,MAIPÚ
1593,ALAF2,-33.4452,-70.6551,SANTIAGO
1594,QQA1C,-33.4881,-70.5776,PEÑALOLÉN
1595,QQB1B,-33.4881,-70.5776,PEÑALOLÉN
1596,HSFC3,-33.3801,-70.5129,LAS CONDES
1597,SCLAD,-33.3881,-70.582,VITACURA
1598,L6NT2,-33.4791,-70.6807,PEDRO AGUIRRE CERDA
1599,L1029,-33.4531,-70.6862,ESTACIÓN CENTRAL
1600,INDED,-33.3993,-70.6689,CONCHALÍ
1601,L1007,-33.4079,-70.5448,LAS CONDES
1602,LATA2,-33.3969,-70.7925,PUDAHUEL
1603,CNH13,-33.4212,-70.7247,CERRO NAVIA
1604,HTR22,-33.5395,-70.5985,LA FLORIDA
1605,SCSAP,-33.2666,-70.6347,COLINA
1606,CNH11,-33.424,-70.7192,CERRO NAVIA
1607,SCJR1,-33.2612,-70.6456,COLINA
1608,EMA02,-33.439,-70.6543,SANTIAGO
1609,EMX01,-33.439,-70.6543,SANTIAGO
1610,SCHMI,-33.4514,-70.5397,LA REINA
1611,SCPEE,-33.4422,-70.5531,LA REINA
1612,QNACA,-33.5009,-70.5275,PEÑALOLÉN
1613,DIGOR,-33.4444,-70.6176,PROVIDENCIA
1614,VIAMU,-33.3653,-70.579,VITACURA
1615,MREYF,-33.4169,-70.5976,LAS CONDES
1616,HMAR3,-33.3999,-70.5745,LAS CONDES
1617,TCJJP,-33.43,-70.7269,CERRO NAVIA
1618,GILLC,-33.3796,-70.53,VITACURA
1619,MOHUF,-33.4399,-70.6535,SANTIAGO
1620,MACD2,-33.3904,-70.5474,LAS CONDES
1621,CLINF,-33.2059,-70.6759,COLINA
1622,SASDO,-33.4362,-70.649,SANTIAGO
1623,ANOCH,-33.3468,-70.6268,HUECHURABA
1624,PARV3,-33.3371,-70.2905,LO BARNECHEA
1625,MBLNF,-33.4255,-70.6112,PROVIDENCIA
1626,MHOLF,-33.4195,-70.6042,PROVIDENCIA
1627,SKLAI,-33.3226,-70.7208,LAMPA
1628,COECI,-33.4399,-70.6517,SANTIAGO
1629,LPHB1,-33.5608,-70.7855,MAIPÚ
1630,MEPRA,-33.4433,-70.7164,LO PRADO
1631,MELOU,-33.4393,-70.685,SANTIAGO
1632,MEFLO,-33.5198,-70.5997,LA FLORIDA
1633,CIALQ,-33.3712,-70.7084,QUILICURA
1634,MIRAL,-33.4071,-70.5279,LAS CONDES
1635,MASR1,-33.4055,-70.7055,RENCA
1636,HLFL2,-33.4966,-70.596,MACUL
1637,HOCRI,-33.4616,-70.6862,ESTACIÓN CENTRAL
1638,MEGCF,-33.4013,-70.5754,LAS CONDES
1639,QQB1C,-33.4881,-70.5776,PEÑALOLÉN
1640,POLPA,-33.1552,-70.8283,TILTIL
1641,MELAC,-33.5375,-70.664,LA CISTERNA
1642,MLARE,-33.4574,-70.7058,ESTACIÓN CENTRAL
1643,SATCU,-33.5617,-70.6783,EL BOSQUE
1644,HLRE3,-33.4647,-70.5331,LA REINA
1645,CCA5I,-33.418,-70.6059,PROVIDENCIA
1646,CCA3A,-33.418,-70.6059,PROVIDENCIA
1647,CCA2B,-33.418,-70.6059,PROVIDENCIA
1648,PAA2J,-33.4024,-70.579,LAS CONDES
1649,L6NW4,-33.4208,-70.6088,PROVIDENCIA
1650,TIE6A,-33.4133,-70.6038,LAS CONDES
1651,MPARF,-33.4445,-70.6494,SANTIAGO
1652,HBOM1,-33.4966,-70.596,MACUL
1653,PDVC1,-33.443000000000005,-70.6071,PROVIDENCIA
1654,SUIBU,-33.4373,-70.6322,PROVIDENCIA
1655,CCA5F,-33.418,-70.6059,PROVIDENCIA
1656,FSBEF,-33.4725,-70.6316,SANTIAGO
1657,CCA2D,-33.418,-70.6059,PROVIDENCIA
1658,CCA1D,-33.418,-70.6059,PROVIDENCIA
1659,CCA1E,-33.418,-70.6059,PROVIDENCIA
1660,MIMON,-33.4415,-70.6466,SANTIAGO
1661,PDHSF,-33.3573,-70.5161,LO BARNECHEA
1662,ACA3B,-33.3904,-70.5474,LAS CONDES
1663,ACA3F,-33.3904,-70.5474,LAS CONDES
1664,LNFAF,-33.479,-70.7141,ESTACIÓN CENTRAL
1665,PAA2B,-33.4024,-70.579,LAS CONDES
1666,PAY2A,-33.4024,-70.579,LAS CONDES
1667,AMA2A,-33.4825,-70.751,MAIPÚ
1668,ARMAF,-33.4377,-70.6497,SANTIAGO
1669,HBCF2,-33.4844,-70.6797,PEDRO AGUIRRE CERDA
1670,HPCOU,-33.493,-70.5702,PEÑALOLÉN
1671,ESTC3,-33.4323,-70.6545,SANTIAGO
1672,SCGPN,-33.4375,-70.628,PROVIDENCIA
1673,MPDO2,-33.4155,-70.5407,LAS CONDES
1674,MAO21,-33.4631,-70.6614,SANTIAGO
1675,L1020,-33.4152,-70.5896,LAS CONDES
1676,L1032,-33.4559,-70.7014,ESTACIÓN CENTRAL
1677,L1023,-33.4482,-70.6691,SANTIAGO
1678,LATA1,-33.3969,-70.7925,PUDAHUEL
1679,HAILL,-33.5501,-70.7662,MAIPÚ
1680,SAND2,-33.4746,-70.6278,SAN JOAQUÍN
1681,RPLE4,-33.4419,-70.6492,SANTIAGO
1682,ALVAL,-33.4637,-70.5217,PEÑALOLÉN
1683,HTR12,-33.5395,-70.6088,LA FLORIDA
1684,HASOL,-33.5098,-70.7949,MAIPÚ
1685,HPRO3,-33.4315,-70.598,PROVIDENCIA
1686,TVN07,-33.4271,-70.6243,PROVIDENCIA
1687,SUAIP,-33.5066,-70.7577,MAIPÚ
1688,M21MF,-33.6104,-70.5744,PUENTE ALTO
1689,HUMCF,-33.4393,-70.64699999999999,SANTIAGO
1690,TEHF2,-33.44,-70.6553,SANTIAGO
1691,SAAF2,-33.4409,-70.648,SANTIAGO
1692,CISRF,-33.3952,-70.6333,RECOLETA
1693,ESAIN,-33.442,-70.652,SANTIAGO
1694,HPDV1,-33.455,-70.6139,ÑUÑOA
1695,MPIOF,-33.4317,-70.6362,RECOLETA
1696,TPSC2,-33.3284,-70.5316,LO BARNECHEA
1697,AMA2C,-33.4825,-70.751,MAIPÚ
1698,MTHYF,-33.4186,-70.60300000000001,PROVIDENCIA
1699,HMER1,-33.5044,-70.6774,PEDRO AGUIRRE CERDA
1700,BELAB,-33.437,-70.6326,PROVIDENCIA
1701,HIND1,-33.4352,-70.63600000000001,RECOLETA
1702,PPLG2,-33.4438,-70.6579,SANTIAGO
1703,PAAND,-33.4048,-70.5747,LAS CONDES
1704,CCA4K,-33.418,-70.6059,PROVIDENCIA
1705,CCA3B,-33.418,-70.6059,PROVIDENCIA
1706,CCA3I,-33.418,-70.6059,PROVIDENCIA
1707,CCA1I,-33.418,-70.6059,PROVIDENCIA
1708,PAA2K,-33.4024,-70.579,LAS CONDES
1709,SCSPS,-33.3885,-70.5032,LAS CONDES
1710,HAPO5,-33.4139,-70.5323,LAS CONDES
1711,CBRET,-33.4129,-70.6038,LAS CONDES
1712,STAG8,-33.4408,-70.6497,SANTIAGO
1713,OPSAT,-33.4563,-70.8992,PUDAHUEL
1714,FAMIN,-33.4235,-70.6531,INDEPENDENCIA
1715,MTSAL,-33.4567,-70.7006,ESTACIÓN CENTRAL
1716,GJP2F,-33.3239,-70.5613,LO BARNECHEA
1717,CCA2F,-33.418,-70.6059,PROVIDENCIA
1718,PAA2I,-33.4024,-70.579,LAS CONDES
1719,PAX2A,-33.4024,-70.579,LAS CONDES
1720,PAX6A,-33.4024,-70.579,LAS CONDES
1721,TSTGI,-33.4542,-70.6886,ESTACIÓN CENTRAL
1722,POA3D,-33.5174,-70.7174,CERRILLOS
1723,POA2D,-33.5174,-70.7174,CERRILLOS
1724,TIB1C,-33.4133,-70.6038,LAS CONDES
1725,TIE4A,-33.4133,-70.6038,LAS CONDES
1726,QQB1D,-33.4881,-70.5776,PEÑALOLÉN
1727,DPUNO,-33.1907,-70.515,COLINA
1728,L1031,-33.4542,-70.6923,ESTACIÓN CENTRAL
1729,L1005,-33.4079,-70.5448,LAS CONDES
1730,L1028,-33.4512,-70.6786,ESTACIÓN CENTRAL
1731,HFER0,-33.4989,-70.7373,MAIPÚ
1732,HCAB3,-33.5876,-70.6879,SAN BERNARDO
1733,MFRA2,-33.4356,-70.7202,QUINTA NORMAL
1734,EYREC,-33.6253,-70.6033,PUENTE ALTO
1735,HUSF2,-33.4393,-70.6482,SANTIAGO
1736,GOCUF,-33.4157,-70.592,LAS CONDES
1737,PZLC3,-33.4192,-70.6069,PROVIDENCIA
1738,BOSAF,-33.4412,-70.6515,SANTIAGO
1739,HOSJF,-33.4428,-70.6791,SANTIAGO
1740,MECEM,-33.4138,-70.6436,RECOLETA
1741,HNUN1,-33.4463,-70.575,ÑUÑOA
1742,FBREI,-33.3994,-70.686,RENCA
1743,HSLU1,-33.4368,-70.6384,SANTIAGO
1744,HLCO1,-33.3979,-70.5929,VITACURA
1745,HGMI1,-33.5627,-70.6022,LA FLORIDA
1746,TUZAP,-33.3883,-71.2633,CURACAVÍ
1747,CMMPE,-33.478,-70.5434,PEÑALOLÉN
1748,RPHFF,-33.4395,-70.6505,SANTIAGO
1749,ELMEI,-33.3826,-70.5939,VITACURA
1750,REPUB,-33.4513,-70.6678,SANTIAGO
1751,CCA5J,-33.418,-70.6059,PROVIDENCIA
1752,CCA4B,-33.418,-70.6059,PROVIDENCIA
1753,CCA4C,-33.418,-70.6059,PROVIDENCIA
1754,CCA3K,-33.418,-70.6059,PROVIDENCIA
1755,CCA2R,-33.418,-70.6059,PROVIDENCIA
1756,CCY1G,-33.418,-70.6059,PROVIDENCIA
1757,PAA2C,-33.4024,-70.579,LAS CONDES
1758,BEHUB,-33.44,-70.6538,SANTIAGO
1759,RPLE3,-33.4419,-70.6492,SANTIAGO
1760,GESPF,-33.4391,-70.6491,SANTIAGO
1761,SUTAL,-33.6628,-70.9265,TALAGANTE
1762,SUNUN,-33.4547,-70.6016,ÑUÑOA
1763,CCA4I,-33.418,-70.6059,PROVIDENCIA
1764,CCA2K,-33.418,-70.6059,PROVIDENCIA
1765,ACA3I,-33.3904,-70.5474,LAS CONDES
1766,ACY5A,-33.3904,-70.5474,LAS CONDES
1767,AMA1F,-33.4825,-70.751,MAIPÚ
1768,POA3B,-33.5174,-70.7174,CERRILLOS
1769,POY1A,-33.5174,-70.7174,CERRILLOS
1770,TIF2D,-33.4133,-70.6038,LAS CONDES
1771,L6NL4,-33.4208,-70.6088,PROVIDENCIA
1772,L1008,-33.408,-70.5556,LAS CONDES
1773,L1009,-33.408,-70.5556,LAS CONDES
1774,L1030,-33.4531,-70.6862,ESTACIÓN CENTRAL
1775,HCAB1,-33.5826,-70.6861,SAN BERNARDO
1776,MASR2,-33.4014,-70.7063,RENCA
1777,EMA01,-33.439,-70.6543,SANTIAGO
1778,EMB01,-33.439,-70.6543,SANTIAGO
1779,MSMH1,-33.4402,-70.6556,SANTIAGO
1780,MOTEL,-33.4423,-70.6562,SANTIAGO
1781,COCEN,-33.4178,-70.6066,PROVIDENCIA
1782,MTSMF,-33.4232,-70.6223,PROVIDENCIA
1783,MIRA4,-33.416,-70.6066,LAS CONDES
1784,PARV1,-33.3331,-70.2892,LO BARNECHEA
1785,MBELF,-33.4221,-70.6083,PROVIDENCIA
1786,LONDR,-33.4451,-70.6483,SANTIAGO
1787,HVIT2,-33.3826,-70.5782,VITACURA
1788,CCA5C,-33.418,-70.6059,PROVIDENCIA
1789,CCA4L,-33.418,-70.6059,PROVIDENCIA
1790,CCA3P,-33.418,-70.6059,PROVIDENCIA
1791,CCA1L,-33.418,-70.6059,PROVIDENCIA
1792,CCY1A,-33.418,-70.6059,PROVIDENCIA
1793,CCY2C,-33.418,-70.6059,PROVIDENCIA
1794,PAY6A,-33.4024,-70.579,LAS CONDES
1795,PAA2L,-33.4024,-70.579,LAS CONDES
1796,CCC3A,-33.418,-70.6059,PROVIDENCIA
1797,ITAA2,-33.4044,-70.5733,LAS CONDES
1798,CJLA1,-33.425,-70.6209,PROVIDENCIA
1799,OPSAP,-33.4563,-70.8992,PUDAHUEL
1800,STAG9,-33.4408,-70.6497,SANTIAGO
1801,SUDPT,-33.5026,-70.655,SAN MIGUEL
1802,SUBAR,-33.439,-70.6458,SANTIAGO
1803,SUPRV,-33.4209,-70.6094,PROVIDENCIA
1804,SUAP3,-33.416,-70.5936,LAS CONDES
1805,CCA4D,-33.418,-70.6059,PROVIDENCIA
1806,CCA4E,-33.418,-70.6059,PROVIDENCIA
1807,CCA4F,-33.418,-70.6059,PROVIDENCIA
1808,CCY3B,-33.418,-70.6059,PROVIDENCIA
1809,CCY3C,-33.418,-70.6059,PROVIDENCIA
1810,PAA2H,-33.4024,-70.579,LAS CONDES
1811,PAA1B,-33.4024,-70.579,LAS CONDES
1812,MPSPF,-33.4345,-70.6517,SANTIAGO
1813,QQA1E,-33.4881,-70.5776,PEÑALOLÉN
1814,HMPU1,-33.445,-70.7449,PUDAHUEL
1815,MBEVE,-33.4194,-70.5965,LAS CONDES
1816,L1021,-33.4152,-70.5896,LAS CONDES
1817,MVCHI,-33.2795,-70.62899999999999,COLINA
1818,SCALP,-33.2512,-70.7171,COLINA
1819,SCEVG,-33.2745,-70.6562,COLINA
1820,SCJR2,-33.2504,-70.6266,COLINA
1821,EVLPE,-33.4865,-70.5385,PEÑALOLÉN
1822,ESQB2,-33.4467,-70.6837,ESTACIÓN CENTRAL
1823,PEDWF,-33.4396,-70.6516,SANTIAGO
1824,DUOCP,-33.4327,-70.6147,PROVIDENCIA
1825,MIRA2,-33.416,-70.6066,LAS CONDES
1826,MLEOF,-33.4235,-70.6047,PROVIDENCIA
1827,DPRDF,-33.4277,-70.617,PROVIDENCIA
1828,HTRI2,-33.5394,-70.6035,LA FLORIDA
1829,SURAM,-33.4401,-70.6455,SANTIAGO
1830,QUINO,-33.3538,-70.7552,QUILICURA
1831,AALIR,-33.476,-70.631,SAN JOAQUÍN
1832,SBSAI,-33.4431,-70.6486,SANTIAGO
1833,HOTWD,-33.4139,-70.5984,LAS CONDES
1834,ESA12,-33.4416,-70.6523,SANTIAGO
1835,ACA2D,-33.3904,-70.5474,LAS CONDES
1836,WGNSB,-33.5337,-70.7061,SAN BERNARDO
1837,MLCF2,-33.4357,-70.6508,SANTIAGO
1838,MCOUS,-33.4418,-70.6499,SANTIAGO
1839,MQFZM,-33.4429,-70.6072,PROVIDENCIA
1840,CCA4A,-33.418,-70.6059,PROVIDENCIA
1841,CCA3F,-33.418,-70.6059,PROVIDENCIA
1842,CCA1F,-33.418,-70.6059,PROVIDENCIA
1843,CCY3A,-33.418,-70.6059,PROVIDENCIA
1844,PAA3D,-33.4024,-70.579,LAS CONDES
1845,SCME1,-33.6933,-71.2239,MELIPILLA
1846,QQA1G,-33.4881,-70.5776,PEÑALOLÉN
1847,QQB1G,-33.4881,-70.5776,PEÑALOLÉN
1848,ESTC2,-33.4323,-70.6545,SANTIAGO
1849,PECON,-33.409,-70.7464,RENCA
1850,L1024,-33.4494,-70.6723,SANTIAGO
1851,L1019,-33.4141,-70.5843,LAS CONDES
1852,ARRU5,-33.4048,-70.5742,LAS CONDES
1853,SCCO1,-33.3155,-70.6563,COLINA
1854,HTR11,-33.5435,-70.6079,LA FLORIDA
1855,EMC01,-33.439,-70.6543,SANTIAGO
1856,SCAJA,-33.4361,-70.5244,LA REINA
1857,SCCSV,-33.4375,-70.5389,LA REINA
1858,SCCVP,-33.4342,-70.5428,LA REINA
1859,ELTRO,-33.4815,-70.5505,PEÑALOLÉN
1860,HTR23,-33.5428,-70.6021,LA FLORIDA
1861,MOSAF,-33.437,-70.6486,SANTIAGO
1862,MPTRF,-33.4308,-70.6447,RECOLETA
1863,QQA1A,-33.4881,-70.5776,PEÑALOLÉN
1864,QQA1F,-33.4881,-70.5776,PEÑALOLÉN
1865,PAA2G,-33.4024,-70.579,LAS CONDES
1866,UCSJL,-33.4999,-70.6142,MACUL
1867,SBRAN,-33.543,-70.7105,SAN BERNARDO
1868,SAAL2,-33.412,-70.5796,LAS CONDES
1869,STDB1,-33.4412,-70.6522,SANTIAGO
1870,MLPIF,-33.4145,-70.5971,LAS CONDES
